MNI_X,MNI_Y,MNI_Z,Overlap,Missing,Num_participants
-48,-56,-26,0,1,365
-50,-56,-26,0,1,362
-46,-54,-26,0,1,364
-48,-54,-26,0,1,364
-50,-54,-26,0,1,362
-52,-54,-26,0,1,355
-54,-54,-26,0,1,341
-56,-54,-26,0,1,316
-44,-52,-26,0,1,367
-46,-52,-26,0,1,367
-48,-52,-26,0,1,365
-50,-52,-26,0,1,361
-52,-52,-26,0,1,351
-54,-52,-26,0,1,327
-56,-52,-26,0,1,299
-42,-50,-26,0,1,369
-44,-50,-26,0,1,368
-46,-50,-26,0,1,366
-48,-50,-26,0,1,362
-50,-50,-26,0,1,352
-52,-50,-26,0,1,332
-54,-50,-26,0,1,315
-56,-50,-26,0,1,276
-40,-48,-26,0,1,369
-42,-48,-26,0,1,367
-44,-48,-26,0,1,368
-46,-48,-26,0,1,363
-48,-48,-26,0,1,354
-50,-48,-26,0,1,328
-52,-48,-26,0,1,311
-54,-48,-26,0,1,285
-56,-48,-26,0,1,245
-38,-46,-26,0,1,369
-40,-46,-26,0,1,368
-42,-46,-26,0,1,367
-44,-46,-26,0,1,362
-46,-46,-26,0,1,355
-48,-46,-26,0,1,335
-50,-46,-26,0,1,314
-52,-46,-26,0,1,277
-54,-46,-26,0,1,248
-56,-46,-26,0,1,225
-58,-46,-26,0,1,194
-36,-44,-26,0,1,370
-38,-44,-26,0,1,368
-40,-44,-26,0,1,368
-42,-44,-26,0,1,364
-44,-44,-26,0,1,357
-46,-44,-26,0,1,338
-48,-44,-26,0,1,317
-50,-44,-26,0,1,277
-52,-44,-26,0,1,250
-54,-44,-26,0,1,220
-56,-44,-26,0,1,202
-58,-44,-26,0,1,177
-34,-42,-26,0,1,370
-36,-42,-26,0,1,369
-38,-42,-26,0,1,368
-40,-42,-26,0,1,368
-42,-42,-26,0,1,360
-44,-42,-26,0,1,347
-46,-42,-26,0,1,322
-48,-42,-26,0,1,286
-50,-42,-26,0,1,252
-52,-42,-26,0,1,223
-54,-42,-26,0,1,208
-56,-42,-26,0,1,192
-58,-42,-26,0,1,177
-32,-40,-26,0,1,370
-34,-40,-26,0,1,370
-36,-40,-26,0,1,369
-38,-40,-26,0,1,368
-40,-40,-26,0,1,366
-42,-40,-26,0,1,357
-44,-40,-26,0,1,339
-46,-40,-26,0,1,304
-48,-40,-26,0,1,265
-50,-40,-26,0,1,230
-52,-40,-26,0,1,217
-54,-40,-26,0,1,208
-56,-40,-26,0,1,200
-58,-40,-26,0,1,184
-32,-38,-26,0,1,371
-34,-38,-26,0,1,371
-36,-38,-26,0,1,370
-38,-38,-26,0,1,368
-40,-38,-26,0,1,359
-42,-38,-26,0,1,351
-44,-38,-26,0,1,330
-46,-38,-26,0,1,294
-48,-38,-26,0,1,262
-50,-38,-26,0,1,232
-52,-38,-26,0,1,223
-54,-38,-26,0,1,212
-56,-38,-26,0,1,206
-58,-38,-26,0,1,193
-30,-36,-26,0,1,372
-32,-36,-26,0,1,371
-34,-36,-26,0,1,371
-36,-36,-26,0,1,370
-38,-36,-26,0,1,365
-40,-36,-26,0,1,361
-42,-36,-26,0,1,343
-44,-36,-26,0,1,322
-46,-36,-26,0,1,301
-48,-36,-26,0,1,268
-50,-36,-26,0,1,242
-52,-36,-26,0,1,231
-54,-36,-26,0,1,225
-56,-36,-26,0,1,218
-58,-36,-26,0,1,208
-60,-36,-26,0,1,192
-28,-34,-26,0,1,373
-30,-34,-26,0,1,372
-32,-34,-26,0,1,372
-34,-34,-26,0,1,371
-36,-34,-26,0,1,368
-38,-34,-26,0,1,364
-40,-34,-26,0,1,356
-42,-34,-26,0,1,343
-44,-34,-26,0,1,323
-46,-34,-26,0,1,303
-48,-34,-26,0,1,282
-50,-34,-26,0,1,261
-52,-34,-26,0,1,246
-54,-34,-26,0,1,235
-56,-34,-26,0,1,230
-58,-34,-26,0,1,218
-60,-34,-26,0,1,210
-26,-32,-26,0,1,373
-28,-32,-26,0,1,373
-30,-32,-26,0,1,372
-32,-32,-26,0,1,371
-34,-32,-26,0,1,371
-36,-32,-26,0,1,370
-38,-32,-26,0,1,364
-40,-32,-26,0,1,352
-42,-32,-26,0,1,336
-44,-32,-26,0,1,319
-46,-32,-26,0,1,303
-48,-32,-26,0,1,281
-50,-32,-26,0,1,267
-52,-32,-26,0,1,259
-54,-32,-26,0,1,244
-56,-32,-26,0,1,235
-58,-32,-26,0,1,233
-60,-32,-26,0,1,229
-26,-30,-26,0,1,373
-28,-30,-26,0,1,372
-30,-30,-26,0,1,372
-32,-30,-26,0,1,371
-34,-30,-26,0,1,371
-36,-30,-26,0,1,369
-38,-30,-26,0,1,366
-40,-30,-26,0,1,352
-42,-30,-26,0,1,336
-44,-30,-26,0,1,314
-46,-30,-26,0,1,295
-48,-30,-26,0,1,284
-50,-30,-26,0,1,269
-52,-30,-26,0,1,259
-54,-30,-26,0,1,259
-56,-30,-26,0,1,253
-58,-30,-26,0,1,250
-60,-30,-26,0,1,246
-62,-30,-26,0,1,240
-52,-60,-24,0,1,367
-54,-60,-24,0,1,363
-56,-60,-24,0,1,338
-58,-60,-24,0,1,271
-60,-60,-24,0,1,179
-50,-58,-24,0,1,369
-52,-58,-24,0,1,367
-54,-58,-24,0,1,362
-56,-58,-24,0,1,348
-58,-58,-24,0,1,303
-60,-58,-24,0,1,218
-44,-56,-24,0,1,369
-46,-56,-24,0,1,369
-48,-56,-24,0,1,369
-50,-56,-24,0,1,369
-52,-56,-24,0,1,367
-54,-56,-24,0,1,359
-56,-56,-24,0,1,352
-58,-56,-24,0,1,313
-60,-56,-24,0,1,239
-62,-56,-24,0,1,128
-42,-54,-24,0,1,369
-44,-54,-24,0,1,369
-46,-54,-24,0,1,370
-48,-54,-24,0,1,370
-50,-54,-24,0,1,370
-52,-54,-24,0,1,366
-54,-54,-24,0,1,360
-56,-54,-24,0,1,348
-58,-54,-24,0,1,312
-60,-54,-24,0,1,254
-62,-54,-24,0,1,153
-38,-52,-24,0,1,370
-40,-52,-24,0,1,370
-42,-52,-24,0,1,369
-44,-52,-24,0,1,370
-46,-52,-24,0,1,370
-48,-52,-24,0,1,370
-50,-52,-24,0,1,367
-52,-52,-24,0,1,363
-54,-52,-24,0,1,355
-56,-52,-24,0,1,336
-58,-52,-24,0,1,309
-60,-52,-24,0,1,256
-62,-52,-24,0,1,157
-38,-50,-24,0,1,370
-40,-50,-24,0,1,370
-42,-50,-24,0,1,370
-44,-50,-24,0,1,370
-46,-50,-24,0,1,371
-48,-50,-24,0,1,369
-50,-50,-24,0,1,365
-52,-50,-24,0,1,354
-54,-50,-24,0,1,338
-56,-50,-24,0,1,324
-58,-50,-24,0,1,293
-60,-50,-24,0,1,242
-62,-50,-24,0,1,173
-36,-48,-24,0,1,371
-38,-48,-24,0,1,370
-40,-48,-24,0,1,370
-42,-48,-24,0,1,371
-44,-48,-24,0,1,371
-46,-48,-24,0,1,371
-48,-48,-24,0,1,367
-50,-48,-24,0,1,357
-52,-48,-24,0,1,338
-54,-48,-24,0,1,326
-56,-48,-24,0,1,308
-58,-48,-24,0,1,274
-60,-48,-24,0,1,234
-34,-46,-24,0,1,371
-36,-46,-24,0,1,371
-38,-46,-24,0,1,371
-40,-46,-24,0,1,371
-42,-46,-24,0,1,372
-44,-46,-24,0,1,372
-46,-46,-24,0,1,368
-48,-46,-24,0,1,359
-50,-46,-24,0,1,347
-52,-46,-24,0,1,327
-54,-46,-24,0,1,313
-56,-46,-24,0,1,278
-58,-46,-24,0,1,255
-60,-46,-24,0,1,227
-34,-44,-24,0,1,372
-36,-44,-24,0,1,373
-38,-44,-24,0,1,373
-40,-44,-24,0,1,374
-42,-44,-24,0,1,373
-44,-44,-24,0,1,371
-46,-44,-24,0,1,363
-48,-44,-24,0,1,349
-50,-44,-24,0,1,332
-52,-44,-24,0,1,311
-54,-44,-24,0,1,294
-56,-44,-24,0,1,271
-58,-44,-24,0,1,251
-60,-44,-24,0,1,227
-32,-42,-24,0,1,373
-34,-42,-24,0,1,374
-36,-42,-24,0,1,374
-38,-42,-24,0,1,374
-40,-42,-24,0,1,374
-42,-42,-24,0,1,373
-44,-42,-24,0,1,368
-46,-42,-24,0,1,357
-48,-42,-24,0,1,338
-50,-42,-24,0,1,320
-52,-42,-24,0,1,295
-54,-42,-24,0,1,282
-56,-42,-24,0,1,267
-58,-42,-24,0,1,259
-60,-42,-24,0,1,234
-30,-40,-24,0,1,374
-32,-40,-24,0,1,374
-34,-40,-24,0,1,374
-36,-40,-24,0,1,374
-38,-40,-24,0,1,374
-40,-40,-24,0,1,374
-42,-40,-24,0,1,373
-44,-40,-24,0,1,366
-46,-40,-24,0,1,351
-48,-40,-24,0,1,333
-50,-40,-24,0,1,306
-52,-40,-24,0,1,297
-54,-40,-24,0,1,284
-56,-40,-24,0,1,275
-58,-40,-24,0,1,265
-60,-40,-24,0,1,249
-28,-38,-24,0,1,374
-30,-38,-24,0,1,374
-32,-38,-24,0,1,374
-34,-38,-24,0,1,374
-36,-38,-24,0,1,374
-38,-38,-24,0,1,374
-40,-38,-24,0,1,374
-42,-38,-24,0,1,374
-44,-38,-24,0,1,362
-46,-38,-24,0,1,348
-48,-38,-24,0,1,326
-50,-38,-24,0,1,316
-52,-38,-24,0,1,307
-54,-38,-24,0,1,299
-56,-38,-24,0,1,286
-58,-38,-24,0,1,279
-60,-38,-24,0,1,266
-26,-36,-24,0,1,374
-28,-36,-24,0,1,374
-30,-36,-24,0,1,374
-32,-36,-24,0,1,374
-34,-36,-24,0,1,374
-36,-36,-24,0,1,374
-38,-36,-24,0,1,374
-40,-36,-24,0,1,374
-42,-36,-24,1,0,0
-44,-36,-24,0,1,362
-46,-36,-24,0,1,350
-48,-36,-24,0,1,336
-50,-36,-24,0,1,320
-52,-36,-24,0,1,312
-54,-36,-24,0,1,306
-56,-36,-24,0,1,300
-58,-36,-24,0,1,290
-60,-36,-24,0,1,277
-62,-36,-24,0,1,257
-24,-34,-24,0,1,374
-26,-34,-24,0,1,374
-28,-34,-24,0,1,374
-30,-34,-24,0,1,374
-32,-34,-24,0,1,374
-34,-34,-24,0,1,374
-36,-34,-24,0,1,374
-38,-34,-24,0,1,374
-40,-34,-24,0,1,373
-42,-34,-24,0,1,368
-44,-34,-24,0,1,362
-46,-34,-24,0,1,347
-48,-34,-24,0,1,334
-50,-34,-24,0,1,317
-52,-34,-24,0,1,310
-54,-34,-24,0,1,306
-56,-34,-24,0,1,295
-58,-34,-24,0,1,292
-60,-34,-24,0,1,278
-62,-34,-24,0,1,264
-22,-32,-24,0,1,374
-24,-32,-24,0,1,374
-26,-32,-24,0,1,374
-28,-32,-24,0,1,374
-30,-32,-24,0,1,374
-32,-32,-24,0,1,374
-34,-32,-24,0,1,374
-36,-32,-24,0,1,374
-38,-32,-24,0,1,374
-40,-32,-24,0,1,372
-42,-32,-24,0,1,367
-44,-32,-24,0,1,360
-46,-32,-24,0,1,343
-48,-32,-24,0,1,331
-50,-32,-24,0,1,317
-52,-32,-24,0,1,312
-54,-32,-24,0,1,304
-56,-32,-24,0,1,299
-58,-32,-24,0,1,292
-60,-32,-24,0,1,283
-62,-32,-24,0,1,269
-22,-30,-24,0,1,374
-24,-30,-24,0,1,374
-26,-30,-24,0,1,374
-28,-30,-24,0,1,374
-30,-30,-24,0,1,374
-32,-30,-24,0,1,374
-34,-30,-24,0,1,374
-36,-30,-24,1,0,0
-38,-30,-24,0,1,374
-40,-30,-24,0,1,372
-42,-30,-24,0,1,368
-44,-30,-24,0,1,360
-46,-30,-24,0,1,344
-48,-30,-24,0,1,332
-50,-30,-24,0,1,316
-52,-30,-24,0,1,308
-54,-30,-24,0,1,306
-56,-30,-24,0,1,301
-58,-30,-24,0,1,290
-60,-30,-24,0,1,278
-62,-30,-24,0,1,273
-40,-62,-22,0,1,369
-42,-62,-22,0,1,370
-44,-62,-22,0,1,370
-46,-62,-22,0,1,370
-54,-62,-22,0,1,371
-56,-62,-22,0,1,352
-38,-60,-22,0,1,370
-40,-60,-22,0,1,371
-42,-60,-22,0,1,371
-44,-60,-22,0,1,370
-46,-60,-22,0,1,370
-52,-60,-22,0,1,371
-54,-60,-22,0,1,369
-56,-60,-22,0,1,358
-58,-60,-22,0,1,322
-60,-60,-22,0,1,240
-38,-58,-22,0,1,371
-40,-58,-22,0,1,371
-42,-58,-22,0,1,371
-44,-58,-22,0,1,372
-46,-58,-22,0,1,373
-48,-58,-22,0,1,373
-50,-58,-22,0,1,373
-52,-58,-22,0,1,372
-54,-58,-22,0,1,369
-56,-58,-22,0,1,365
-58,-58,-22,0,1,338
-60,-58,-22,0,1,279
-36,-56,-22,0,1,373
-38,-56,-22,0,1,373
-40,-56,-22,0,1,374
-42,-56,-22,0,1,374
-44,-56,-22,0,1,374
-46,-56,-22,0,1,373
-48,-56,-22,0,1,373
-50,-56,-22,0,1,373
-52,-56,-22,0,1,372
-54,-56,-22,0,1,368
-56,-56,-22,0,1,362
-58,-56,-22,0,1,346
-60,-56,-22,0,1,292
-62,-56,-22,0,1,205
-34,-54,-22,0,1,373
-36,-54,-22,0,1,373
-38,-54,-22,0,1,373
-40,-54,-22,0,1,374
-42,-54,-22,0,1,374
-44,-54,-22,0,1,374
-46,-54,-22,0,1,374
-48,-54,-22,0,1,373
-50,-54,-22,0,1,372
-52,-54,-22,0,1,372
-54,-54,-22,0,1,368
-56,-54,-22,0,1,361
-58,-54,-22,0,1,342
-60,-54,-22,0,1,302
-62,-54,-22,0,1,226
-64,-54,-22,0,1,116
-32,-52,-22,0,1,374
-34,-52,-22,0,1,374
-36,-52,-22,0,1,374
-38,-52,-22,1,0,0
-40,-52,-22,1,0,0
-42,-52,-22,1,0,0
-44,-52,-22,1,0,0
-46,-52,-22,1,0,0
-48,-52,-22,1,0,0
-50,-52,-22,0,1,372
-52,-52,-22,0,1,371
-54,-52,-22,0,1,365
-56,-52,-22,0,1,356
-58,-52,-22,0,1,338
-60,-52,-22,0,1,303
-62,-52,-22,0,1,245
-64,-52,-22,0,1,140
-66,-52,-22,0,1,47
-32,-50,-22,1,0,0
-34,-50,-22,1,0,0
-36,-50,-22,1,0,0
-38,-50,-22,1,0,0
-40,-50,-22,1,0,0
-42,-50,-22,1,0,0
-44,-50,-22,1,0,0
-46,-50,-22,1,0,0
-48,-50,-22,1,0,0
-50,-50,-22,0,1,373
-52,-50,-22,0,1,369
-54,-50,-22,0,1,362
-56,-50,-22,0,1,349
-58,-50,-22,0,1,333
-60,-50,-22,0,1,308
-62,-50,-22,0,1,256
-64,-50,-22,0,1,160
-66,-50,-22,0,1,72
-30,-48,-22,1,0,0
-32,-48,-22,1,0,0
-34,-48,-22,1,0,0
-36,-48,-22,1,0,0
-38,-48,-22,1,0,0
-40,-48,-22,1,0,0
-42,-48,-22,1,0,0
-44,-48,-22,1,0,0
-46,-48,-22,1,0,0
-48,-48,-22,1,0,0
-50,-48,-22,0,1,371
-52,-48,-22,0,1,365
-54,-48,-22,0,1,355
-56,-48,-22,0,1,343
-58,-48,-22,0,1,332
-60,-48,-22,0,1,300
-62,-48,-22,0,1,257
-64,-48,-22,0,1,181
-66,-48,-22,0,1,100
-30,-46,-22,1,0,0
-32,-46,-22,1,0,0
-34,-46,-22,1,0,0
-36,-46,-22,1,0,0
-38,-46,-22,1,0,0
-40,-46,-22,1,0,0
-42,-46,-22,1,0,0
-44,-46,-22,1,0,0
-46,-46,-22,1,0,0
-48,-46,-22,0,1,373
-50,-46,-22,0,1,367
-52,-46,-22,0,1,358
-54,-46,-22,0,1,351
-56,-46,-22,0,1,336
-58,-46,-22,0,1,326
-60,-46,-22,0,1,292
-62,-46,-22,0,1,255
-64,-46,-22,0,1,200
-66,-46,-22,0,1,125
-28,-44,-22,1,0,0
-30,-44,-22,1,0,0
-32,-44,-22,1,0,0
-34,-44,-22,1,0,0
-36,-44,-22,1,0,0
-38,-44,-22,1,0,0
-40,-44,-22,1,0,0
-42,-44,-22,1,0,0
-44,-44,-22,1,0,0
-46,-44,-22,1,0,0
-48,-44,-22,0,1,369
-50,-44,-22,0,1,364
-52,-44,-22,0,1,355
-54,-44,-22,0,1,341
-56,-44,-22,0,1,330
-58,-44,-22,0,1,315
-60,-44,-22,0,1,298
-62,-44,-22,0,1,263
-64,-44,-22,0,1,216
-66,-44,-22,0,1,149
-28,-42,-22,1,0,0
-30,-42,-22,1,0,0
-32,-42,-22,1,0,0
-34,-42,-22,1,0,0
-36,-42,-22,1,0,0
-38,-42,-22,1,0,0
-40,-42,-22,1,0,0
-42,-42,-22,1,0,0
-44,-42,-22,1,0,0
-46,-42,-22,0,1,374
-48,-42,-22,0,1,366
-50,-42,-22,0,1,359
-52,-42,-22,0,1,345
-54,-42,-22,0,1,335
-56,-42,-22,0,1,328
-58,-42,-22,0,1,319
-60,-42,-22,0,1,302
-62,-42,-22,0,1,283
-64,-42,-22,0,1,238
-66,-42,-22,0,1,176
-68,-42,-22,0,1,96
-26,-40,-22,1,0,0
-28,-40,-22,1,0,0
-30,-40,-22,1,0,0
-32,-40,-22,1,0,0
-34,-40,-22,1,0,0
-36,-40,-22,1,0,0
-38,-40,-22,1,0,0
-40,-40,-22,1,0,0
-42,-40,-22,1,0,0
-44,-40,-22,1,0,0
-46,-40,-22,0,1,373
-48,-40,-22,0,1,365
-50,-40,-22,0,1,355
-52,-40,-22,0,1,344
-54,-40,-22,0,1,339
-56,-40,-22,0,1,331
-58,-40,-22,0,1,317
-60,-40,-22,0,1,309
-62,-40,-22,0,1,296
-64,-40,-22,0,1,256
-66,-40,-22,0,1,199
-68,-40,-22,0,1,116
-24,-38,-22,1,0,0
-26,-38,-22,1,0,0
-28,-38,-22,1,0,0
-30,-38,-22,1,0,0
-32,-38,-22,1,0,0
-34,-38,-22,1,0,0
-36,-38,-22,1,0,0
-38,-38,-22,1,0,0
-40,-38,-22,1,0,0
-42,-38,-22,1,0,0
-44,-38,-22,1,0,0
-46,-38,-22,0,1,373
-48,-38,-22,0,1,368
-50,-38,-22,0,1,354
-52,-38,-22,0,1,345
-54,-38,-22,0,1,342
-56,-38,-22,0,1,334
-58,-38,-22,0,1,322
-60,-38,-22,0,1,315
-62,-38,-22,0,1,300
-64,-38,-22,0,1,277
-66,-38,-22,0,1,220
-68,-38,-22,0,1,150
-22,-36,-22,1,0,0
-24,-36,-22,1,0,0
-26,-36,-22,1,0,0
-28,-36,-22,1,0,0
-30,-36,-22,1,0,0
-32,-36,-22,1,0,0
-34,-36,-22,1,0,0
-36,-36,-22,1,0,0
-38,-36,-22,1,0,0
-40,-36,-22,1,0,0
-42,-36,-22,1,0,0
-44,-36,-22,1,0,0
-46,-36,-22,0,1,373
-48,-36,-22,0,1,365
-50,-36,-22,0,1,355
-52,-36,-22,0,1,346
-54,-36,-22,0,1,338
-56,-36,-22,0,1,329
-58,-36,-22,0,1,327
-60,-36,-22,0,1,313
-62,-36,-22,0,1,302
-64,-36,-22,0,1,283
-66,-36,-22,0,1,242
-68,-36,-22,0,1,180
-22,-34,-22,1,0,0
-24,-34,-22,1,0,0
-26,-34,-22,1,0,0
-28,-34,-22,1,0,0
-30,-34,-22,1,0,0
-32,-34,-22,1,0,0
-34,-34,-22,1,0,0
-36,-34,-22,1,0,0
-38,-34,-22,1,0,0
-40,-34,-22,1,0,0
-42,-34,-22,1,0,0
-44,-34,-22,1,0,0
-46,-34,-22,0,1,371
-48,-34,-22,0,1,366
-50,-34,-22,0,1,357
-52,-34,-22,0,1,347
-54,-34,-22,0,1,336
-56,-34,-22,0,1,331
-58,-34,-22,0,1,323
-60,-34,-22,0,1,319
-62,-34,-22,0,1,304
-64,-34,-22,0,1,285
-66,-34,-22,0,1,264
-68,-34,-22,0,1,200
-20,-32,-22,1,0,0
-22,-32,-22,1,0,0
-24,-32,-22,1,0,0
-26,-32,-22,1,0,0
-28,-32,-22,1,0,0
-30,-32,-22,1,0,0
-32,-32,-22,1,0,0
-34,-32,-22,1,0,0
-36,-32,-22,1,0,0
-38,-32,-22,1,0,0
-40,-32,-22,1,0,0
-42,-32,-22,1,0,0
-44,-32,-22,0,1,374
-46,-32,-22,0,1,371
-48,-32,-22,0,1,365
-50,-32,-22,0,1,351
-52,-32,-22,0,1,340
-54,-32,-22,0,1,331
-56,-32,-22,0,1,329
-58,-32,-22,0,1,325
-60,-32,-22,0,1,319
-62,-32,-22,0,1,306
-64,-32,-22,0,1,289
-66,-32,-22,0,1,269
-68,-32,-22,0,1,218
-20,-30,-22,1,0,0
-22,-30,-22,1,0,0
-24,-30,-22,1,0,0
-26,-30,-22,1,0,0
-28,-30,-22,1,0,0
-30,-30,-22,1,0,0
-32,-30,-22,1,0,0
-34,-30,-22,1,0,0
-36,-30,-22,1,0,0
-38,-30,-22,1,0,0
-40,-30,-22,1,0,0
-42,-30,-22,1,0,0
-44,-30,-22,0,1,373
-46,-30,-22,0,1,369
-48,-30,-22,0,1,358
-50,-30,-22,0,1,350
-52,-30,-22,0,1,338
-54,-30,-22,0,1,329
-56,-30,-22,0,1,326
-58,-30,-22,0,1,323
-60,-30,-22,0,1,316
-62,-30,-22,0,1,307
-64,-30,-22,0,1,294
-66,-30,-22,0,1,279
-68,-30,-22,0,1,239
-40,-66,-20,0,1,373
-42,-66,-20,0,1,373
-44,-66,-20,0,1,373
-40,-64,-20,0,1,373
-42,-64,-20,0,1,373
-44,-64,-20,0,1,373
-46,-64,-20,0,1,373
-36,-62,-20,0,1,374
-38,-62,-20,0,1,374
-40,-62,-20,0,1,374
-42,-62,-20,0,1,374
-44,-62,-20,0,1,374
-46,-62,-20,0,1,374
-48,-62,-20,0,1,374
-50,-62,-20,0,1,373
-52,-62,-20,0,1,373
-54,-62,-20,0,1,372
-56,-62,-20,0,1,371
-58,-62,-20,0,1,335
-60,-62,-20,0,1,253
-34,-60,-20,0,1,374
-36,-60,-20,0,1,374
-38,-60,-20,0,1,374
-40,-60,-20,0,1,374
-42,-60,-20,0,1,374
-44,-60,-20,0,1,374
-46,-60,-20,0,1,374
-48,-60,-20,0,1,374
-50,-60,-20,0,1,374
-52,-60,-20,0,1,374
-54,-60,-20,0,1,373
-56,-60,-20,0,1,371
-58,-60,-20,0,1,352
-60,-60,-20,0,1,296
-62,-60,-20,0,1,189
-32,-58,-20,0,1,374
-34,-58,-20,0,1,374
-36,-58,-20,0,1,374
-38,-58,-20,0,1,374
-40,-58,-20,1,0,0
-42,-58,-20,0,1,374
-44,-58,-20,0,1,374
-46,-58,-20,1,0,0
-48,-58,-20,1,0,0
-50,-58,-20,1,0,0
-52,-58,-20,1,0,0
-54,-58,-20,0,1,374
-56,-58,-20,0,1,371
-58,-58,-20,0,1,359
-60,-58,-20,0,1,320
-62,-58,-20,0,1,231
-32,-56,-20,1,0,0
-34,-56,-20,1,0,0
-36,-56,-20,1,0,0
-38,-56,-20,1,0,0
-40,-56,-20,1,0,0
-42,-56,-20,1,0,0
-44,-56,-20,1,0,0
-46,-56,-20,1,0,0
-48,-56,-20,1,0,0
-50,-56,-20,1,0,0
-52,-56,-20,1,0,0
-54,-56,-20,0,1,374
-56,-56,-20,0,1,369
-58,-56,-20,0,1,361
-60,-56,-20,0,1,330
-62,-56,-20,0,1,272
-32,-54,-20,1,0,0
-34,-54,-20,1,0,0
-36,-54,-20,1,0,0
-38,-54,-20,1,0,0
-40,-54,-20,1,0,0
-42,-54,-20,1,0,0
-44,-54,-20,1,0,0
-46,-54,-20,1,0,0
-48,-54,-20,1,0,0
-50,-54,-20,1,0,0
-52,-54,-20,1,0,0
-54,-54,-20,0,1,374
-56,-54,-20,0,1,369
-58,-54,-20,0,1,361
-60,-54,-20,0,1,337
-62,-54,-20,0,1,296
-64,-54,-20,0,1,199
-30,-52,-20,1,0,0
-32,-52,-20,1,0,0
-34,-52,-20,1,0,0
-36,-52,-20,1,0,0
-38,-52,-20,1,0,0
-40,-52,-20,1,0,0
-42,-52,-20,1,0,0
-44,-52,-20,1,0,0
-46,-52,-20,1,0,0
-48,-52,-20,1,0,0
-50,-52,-20,1,0,0
-52,-52,-20,1,0,0
-54,-52,-20,0,1,373
-56,-52,-20,0,1,368
-58,-52,-20,0,1,357
-60,-52,-20,0,1,337
-62,-52,-20,0,1,301
-64,-52,-20,0,1,233
-66,-52,-20,0,1,111
-30,-50,-20,1,0,0
-32,-50,-20,1,0,0
-34,-50,-20,1,0,0
-36,-50,-20,1,0,0
-38,-50,-20,1,0,0
-40,-50,-20,1,0,0
-42,-50,-20,1,0,0
-44,-50,-20,1,0,0
-46,-50,-20,1,0,0
-48,-50,-20,1,0,0
-50,-50,-20,1,0,0
-52,-50,-20,1,0,0
-54,-50,-20,0,1,374
-56,-50,-20,0,1,364
-58,-50,-20,0,1,351
-60,-50,-20,0,1,339
-62,-50,-20,0,1,312
-64,-50,-20,0,1,250
-66,-50,-20,0,1,147
-68,-50,-20,0,1,48
-28,-48,-20,1,0,0
-30,-48,-20,1,0,0
-32,-48,-20,1,0,0
-34,-48,-20,1,0,0
-36,-48,-20,1,0,0
-38,-48,-20,1,0,0
-40,-48,-20,1,0,0
-42,-48,-20,1,0,0
-44,-48,-20,1,0,0
-46,-48,-20,1,0,0
-48,-48,-20,1,0,0
-50,-48,-20,1,0,0
-52,-48,-20,1,0,0
-54,-48,-20,0,1,372
-56,-48,-20,0,1,366
-58,-48,-20,0,1,351
-60,-48,-20,0,1,340
-62,-48,-20,0,1,315
-64,-48,-20,0,1,268
-66,-48,-20,0,1,174
-68,-48,-20,0,1,74
-26,-46,-20,1,0,0
-28,-46,-20,1,0,0
-30,-46,-20,1,0,0
-32,-46,-20,1,0,0
-34,-46,-20,1,0,0
-36,-46,-20,1,0,0
-38,-46,-20,1,0,0
-40,-46,-20,1,0,0
-42,-46,-20,1,0,0
-44,-46,-20,1,0,0
-46,-46,-20,1,0,0
-48,-46,-20,1,0,0
-50,-46,-20,1,0,0
-52,-46,-20,0,1,374
-54,-46,-20,0,1,369
-56,-46,-20,0,1,362
-58,-46,-20,0,1,352
-60,-46,-20,0,1,342
-62,-46,-20,0,1,319
-64,-46,-20,0,1,280
-66,-46,-20,0,1,201
-68,-46,-20,0,1,101
-26,-44,-20,1,0,0
-28,-44,-20,1,0,0
-30,-44,-20,1,0,0
-32,-44,-20,1,0,0
-34,-44,-20,1,0,0
-36,-44,-20,1,0,0
-38,-44,-20,1,0,0
-40,-44,-20,1,0,0
-42,-44,-20,1,0,0
-44,-44,-20,1,0,0
-46,-44,-20,1,0,0
-48,-44,-20,1,0,0
-50,-44,-20,0,1,374
-52,-44,-20,0,1,372
-54,-44,-20,0,1,366
-56,-44,-20,0,1,360
-58,-44,-20,0,1,352
-60,-44,-20,0,1,346
-62,-44,-20,0,1,329
-64,-44,-20,0,1,292
-66,-44,-20,0,1,232
-68,-44,-20,0,1,124
-24,-42,-20,1,0,0
-26,-42,-20,1,0,0
-28,-42,-20,1,0,0
-30,-42,-20,1,0,0
-32,-42,-20,1,0,0
-34,-42,-20,1,0,0
-36,-42,-20,1,0,0
-38,-42,-20,1,0,0
-40,-42,-20,1,0,0
-42,-42,-20,1,0,0
-44,-42,-20,1,0,0
-46,-42,-20,1,0,0
-48,-42,-20,1,0,0
-50,-42,-20,0,1,374
-52,-42,-20,0,1,372
-54,-42,-20,0,1,369
-56,-42,-20,0,1,361
-58,-42,-20,0,1,352
-60,-42,-20,0,1,343
-62,-42,-20,0,1,339
-64,-42,-20,0,1,310
-66,-42,-20,0,1,248
-68,-42,-20,0,1,156
-24,-40,-20,1,0,0
-26,-40,-20,1,0,0
-28,-40,-20,1,0,0
-30,-40,-20,1,0,0
-32,-40,-20,1,0,0
-34,-40,-20,1,0,0
-36,-40,-20,1,0,0
-38,-40,-20,1,0,0
-40,-40,-20,1,0,0
-42,-40,-20,1,0,0
-44,-40,-20,1,0,0
-46,-40,-20,1,0,0
-48,-40,-20,0,1,374
-50,-40,-20,0,1,374
-52,-40,-20,0,1,368
-54,-40,-20,0,1,364
-56,-40,-20,0,1,354
-58,-40,-20,0,1,352
-60,-40,-20,0,1,349
-62,-40,-20,0,1,339
-64,-40,-20,0,1,315
-66,-40,-20,0,1,273
-68,-40,-20,0,1,188
-22,-38,-20,1,0,0
-24,-38,-20,1,0,0
-26,-38,-20,1,0,0
-28,-38,-20,1,0,0
-30,-38,-20,1,0,0
-32,-38,-20,1,0,0
-34,-38,-20,1,0,0
-36,-38,-20,1,0,0
-38,-38,-20,1,0,0
-40,-38,-20,1,0,0
-42,-38,-20,1,0,0
-44,-38,-20,1,0,0
-46,-38,-20,1,0,0
-48,-38,-20,0,1,374
-50,-38,-20,0,1,371
-52,-38,-20,0,1,367
-54,-38,-20,0,1,358
-56,-38,-20,0,1,355
-58,-38,-20,0,1,350
-60,-38,-20,0,1,346
-62,-38,-20,0,1,340
-64,-38,-20,0,1,318
-66,-38,-20,0,1,285
-68,-38,-20,0,1,214
-22,-36,-20,1,0,0
-24,-36,-20,1,0,0
-26,-36,-20,1,0,0
-28,-36,-20,1,0,0
-30,-36,-20,1,0,0
-32,-36,-20,1,0,0
-34,-36,-20,1,0,0
-36,-36,-20,1,0,0
-38,-36,-20,1,0,0
-40,-36,-20,1,0,0
-42,-36,-20,1,0,0
-44,-36,-20,1,0,0
-46,-36,-20,1,0,0
-48,-36,-20,0,1,373
-50,-36,-20,0,1,370
-52,-36,-20,0,1,366
-54,-36,-20,0,1,360
-56,-36,-20,0,1,353
-58,-36,-20,0,1,345
-60,-36,-20,0,1,345
-62,-36,-20,0,1,342
-64,-36,-20,0,1,327
-66,-36,-20,0,1,299
-68,-36,-20,0,1,238
-20,-34,-20,1,0,0
-22,-34,-20,1,0,0
-24,-34,-20,1,0,0
-26,-34,-20,1,0,0
-28,-34,-20,1,0,0
-30,-34,-20,1,0,0
-32,-34,-20,1,0,0
-34,-34,-20,1,0,0
-36,-34,-20,1,0,0
-38,-34,-20,1,0,0
-40,-34,-20,1,0,0
-42,-34,-20,1,0,0
-44,-34,-20,1,0,0
-46,-34,-20,1,0,0
-48,-34,-20,0,1,372
-50,-34,-20,0,1,369
-52,-34,-20,0,1,364
-54,-34,-20,0,1,356
-56,-34,-20,0,1,352
-58,-34,-20,0,1,345
-60,-34,-20,0,1,341
-62,-34,-20,0,1,339
-64,-34,-20,0,1,326
-66,-34,-20,0,1,303
-68,-34,-20,0,1,254
-70,-34,-20,0,1,169
-20,-32,-20,1,0,0
-22,-32,-20,1,0,0
-24,-32,-20,1,0,0
-26,-32,-20,1,0,0
-28,-32,-20,1,0,0
-30,-32,-20,1,0,0
-32,-32,-20,1,0,0
-34,-32,-20,1,0,0
-36,-32,-20,1,0,0
-38,-32,-20,1,0,0
-40,-32,-20,1,0,0
-42,-32,-20,1,0,0
-44,-32,-20,1,0,0
-46,-32,-20,1,0,0
-48,-32,-20,0,1,372
-50,-32,-20,0,1,369
-52,-32,-20,0,1,366
-54,-32,-20,0,1,357
-56,-32,-20,0,1,349
-58,-32,-20,0,1,343
-60,-32,-20,0,1,340
-62,-32,-20,0,1,340
-64,-32,-20,0,1,330
-66,-32,-20,0,1,306
-68,-32,-20,0,1,273
-70,-32,-20,0,1,188
-28,-30,-20,1,0,0
-30,-30,-20,1,0,0
-32,-30,-20,1,0,0
-34,-30,-20,1,0,0
-36,-30,-20,1,0,0
-38,-30,-20,1,0,0
-40,-30,-20,1,0,0
-42,-30,-20,1,0,0
-44,-30,-20,1,0,0
-46,-30,-20,1,0,0
-50,-30,-20,0,1,370
-52,-30,-20,0,1,366
-54,-30,-20,0,1,359
-56,-30,-20,0,1,349
-58,-30,-20,0,1,347
-60,-30,-20,0,1,344
-62,-30,-20,0,1,337
-64,-30,-20,0,1,326
-66,-30,-20,0,1,314
-68,-30,-20,0,1,282
-70,-30,-20,0,1,216
-26,-76,-18,0,1,372
-28,-76,-18,0,1,372
-30,-76,-18,0,1,372
-32,-76,-18,0,1,372
-34,-76,-18,0,1,372
-36,-76,-18,0,1,372
-38,-76,-18,0,1,372
-40,-76,-18,0,1,372
-42,-76,-18,0,1,372
-28,-74,-18,0,1,372
-30,-74,-18,0,1,372
-32,-74,-18,0,1,372
-34,-74,-18,0,1,372
-36,-74,-18,0,1,372
-38,-74,-18,0,1,372
-40,-74,-18,0,1,372
-42,-74,-18,0,1,372
-28,-72,-18,0,1,373
-30,-72,-18,0,1,373
-32,-72,-18,0,1,373
-34,-72,-18,0,1,373
-36,-72,-18,0,1,372
-38,-72,-18,0,1,372
-40,-72,-18,0,1,372
-42,-72,-18,0,1,373
-30,-70,-18,0,1,373
-32,-70,-18,0,1,373
-34,-70,-18,0,1,373
-36,-70,-18,0,1,373
-38,-70,-18,0,1,373
-40,-70,-18,0,1,373
-42,-70,-18,0,1,373
-44,-70,-18,0,1,373
-30,-68,-18,0,1,373
-32,-68,-18,0,1,373
-34,-68,-18,0,1,373
-36,-68,-18,0,1,373
-38,-68,-18,0,1,373
-40,-68,-18,0,1,373
-42,-68,-18,0,1,373
-44,-68,-18,0,1,373
-30,-66,-18,0,1,374
-32,-66,-18,0,1,374
-34,-66,-18,0,1,374
-36,-66,-18,0,1,373
-38,-66,-18,0,1,373
-40,-66,-18,0,1,373
-42,-66,-18,0,1,373
-44,-66,-18,0,1,373
-30,-64,-18,0,1,374
-32,-64,-18,0,1,374
-34,-64,-18,0,1,374
-36,-64,-18,0,1,374
-38,-64,-18,0,1,374
-40,-64,-18,0,1,374
-42,-64,-18,0,1,374
-44,-64,-18,0,1,374
-46,-64,-18,0,1,374
-32,-62,-18,0,1,374
-34,-62,-18,0,1,374
-36,-62,-18,0,1,374
-38,-62,-18,1,0,0
-40,-62,-18,1,0,0
-42,-62,-18,1,0,0
-44,-62,-18,1,0,0
-46,-62,-18,1,0,0
-50,-62,-18,1,0,0
-52,-62,-18,1,0,0
-54,-62,-18,0,1,374
-56,-62,-18,0,1,374
-58,-62,-18,0,1,364
-60,-62,-18,0,1,305
-32,-60,-18,1,0,0
-34,-60,-18,1,0,0
-36,-60,-18,1,0,0
-38,-60,-18,1,0,0
-40,-60,-18,1,0,0
-42,-60,-18,1,0,0
-44,-60,-18,1,0,0
-46,-60,-18,1,0,0
-50,-60,-18,1,0,0
-52,-60,-18,1,0,0
-54,-60,-18,1,0,0
-56,-60,-18,0,1,374
-58,-60,-18,0,1,370
-60,-60,-18,0,1,339
-62,-60,-18,0,1,256
-30,-58,-18,1,0,0
-32,-58,-18,1,0,0
-34,-58,-18,1,0,0
-36,-58,-18,1,0,0
-38,-58,-18,1,0,0
-40,-58,-18,1,0,0
-42,-58,-18,1,0,0
-44,-58,-18,1,0,0
-46,-58,-18,1,0,0
-48,-58,-18,1,0,0
-50,-58,-18,1,0,0
-52,-58,-18,1,0,0
-54,-58,-18,1,0,0
-56,-58,-18,0,1,374
-58,-58,-18,0,1,371
-60,-58,-18,0,1,354
-62,-58,-18,0,1,301
-64,-58,-18,0,1,172
-30,-56,-18,1,0,0
-32,-56,-18,1,0,0
-34,-56,-18,1,0,0
-36,-56,-18,1,0,0
-38,-56,-18,1,0,0
-40,-56,-18,1,0,0
-42,-56,-18,1,0,0
-44,-56,-18,1,0,0
-46,-56,-18,1,0,0
-48,-56,-18,1,0,0
-50,-56,-18,1,0,0
-52,-56,-18,1,0,0
-54,-56,-18,1,0,0
-56,-56,-18,0,1,374
-58,-56,-18,0,1,370
-60,-56,-18,0,1,358
-62,-56,-18,0,1,324
-64,-56,-18,0,1,229
-30,-54,-18,1,0,0
-32,-54,-18,1,0,0
-34,-54,-18,1,0,0
-36,-54,-18,1,0,0
-38,-54,-18,1,0,0
-40,-54,-18,1,0,0
-42,-54,-18,1,0,0
-44,-54,-18,1,0,0
-46,-54,-18,1,0,0
-48,-54,-18,1,0,0
-50,-54,-18,1,0,0
-52,-54,-18,1,0,0
-54,-54,-18,1,0,0
-56,-54,-18,0,1,374
-58,-54,-18,0,1,369
-60,-54,-18,0,1,362
-62,-54,-18,0,1,338
-64,-54,-18,0,1,282
-30,-52,-18,1,0,0
-32,-52,-18,1,0,0
-34,-52,-18,1,0,0
-36,-52,-18,1,0,0
-38,-52,-18,1,0,0
-40,-52,-18,1,0,0
-42,-52,-18,1,0,0
-44,-52,-18,1,0,0
-46,-52,-18,1,0,0
-48,-52,-18,1,0,0
-50,-52,-18,1,0,0
-52,-52,-18,1,0,0
-54,-52,-18,1,0,0
-56,-52,-18,1,0,0
-58,-52,-18,0,1,369
-60,-52,-18,0,1,364
-62,-52,-18,0,1,344
-64,-52,-18,0,1,297
-66,-52,-18,0,1,190
-28,-50,-18,1,0,0
-30,-50,-18,1,0,0
-32,-50,-18,1,0,0
-34,-50,-18,1,0,0
-36,-50,-18,1,0,0
-38,-50,-18,1,0,0
-40,-50,-18,1,0,0
-42,-50,-18,1,0,0
-44,-50,-18,1,0,0
-46,-50,-18,1,0,0
-48,-50,-18,1,0,0
-50,-50,-18,1,0,0
-52,-50,-18,1,0,0
-54,-50,-18,1,0,0
-56,-50,-18,1,0,0
-58,-50,-18,0,1,372
-60,-50,-18,0,1,363
-62,-50,-18,0,1,349
-64,-50,-18,0,1,317
-66,-50,-18,0,1,230
-68,-50,-18,0,1,95
-26,-48,-18,1,0,0
-28,-48,-18,1,0,0
-30,-48,-18,1,0,0
-32,-48,-18,1,0,0
-34,-48,-18,1,0,0
-36,-48,-18,1,0,0
-38,-48,-18,1,0,0
-40,-48,-18,1,0,0
-42,-48,-18,1,0,0
-44,-48,-18,1,0,0
-46,-48,-18,1,0,0
-48,-48,-18,1,0,0
-50,-48,-18,1,0,0
-52,-48,-18,1,0,0
-54,-48,-18,1,0,0
-56,-48,-18,1,0,0
-58,-48,-18,0,1,372
-60,-48,-18,0,1,362
-62,-48,-18,0,1,355
-64,-48,-18,0,1,328
-66,-48,-18,0,1,257
-68,-48,-18,0,1,129
-24,-46,-18,1,0,0
-26,-46,-18,1,0,0
-28,-46,-18,1,0,0
-30,-46,-18,1,0,0
-32,-46,-18,1,0,0
-34,-46,-18,1,0,0
-36,-46,-18,1,0,0
-38,-46,-18,1,0,0
-40,-46,-18,1,0,0
-42,-46,-18,1,0,0
-44,-46,-18,1,0,0
-46,-46,-18,1,0,0
-48,-46,-18,1,0,0
-50,-46,-18,1,0,0
-52,-46,-18,1,0,0
-54,-46,-18,1,0,0
-56,-46,-18,0,1,374
-58,-46,-18,0,1,369
-60,-46,-18,0,1,361
-62,-46,-18,0,1,353
-64,-46,-18,0,1,334
-66,-46,-18,0,1,284
-68,-46,-18,0,1,163
-22,-44,-18,1,0,0
-24,-44,-18,1,0,0
-26,-44,-18,1,0,0
-28,-44,-18,1,0,0
-30,-44,-18,1,0,0
-32,-44,-18,1,0,0
-34,-44,-18,1,0,0
-36,-44,-18,1,0,0
-38,-44,-18,1,0,0
-40,-44,-18,1,0,0
-42,-44,-18,1,0,0
-44,-44,-18,1,0,0
-46,-44,-18,1,0,0
-48,-44,-18,1,0,0
-50,-44,-18,1,0,0
-52,-44,-18,0,1,374
-54,-44,-18,0,1,374
-56,-44,-18,0,1,371
-58,-44,-18,0,1,368
-60,-44,-18,0,1,362
-62,-44,-18,0,1,353
-64,-44,-18,0,1,343
-66,-44,-18,0,1,293
-68,-44,-18,0,1,202
-22,-42,-18,1,0,0
-24,-42,-18,1,0,0
-26,-42,-18,1,0,0
-28,-42,-18,1,0,0
-30,-42,-18,1,0,0
-32,-42,-18,1,0,0
-34,-42,-18,1,0,0
-36,-42,-18,1,0,0
-38,-42,-18,1,0,0
-40,-42,-18,1,0,0
-42,-42,-18,1,0,0
-44,-42,-18,1,0,0
-46,-42,-18,1,0,0
-48,-42,-18,1,0,0
-50,-42,-18,1,0,0
-52,-42,-18,0,1,374
-54,-42,-18,0,1,374
-56,-42,-18,0,1,371
-58,-42,-18,0,1,368
-60,-42,-18,0,1,360
-62,-42,-18,0,1,357
-64,-42,-18,0,1,348
-66,-42,-18,0,1,310
-68,-42,-18,0,1,229
-22,-40,-18,1,0,0
-24,-40,-18,1,0,0
-26,-40,-18,1,0,0
-28,-40,-18,1,0,0
-30,-40,-18,1,0,0
-32,-40,-18,1,0,0
-34,-40,-18,1,0,0
-36,-40,-18,1,0,0
-38,-40,-18,1,0,0
-40,-40,-18,1,0,0
-42,-40,-18,1,0,0
-44,-40,-18,1,0,0
-46,-40,-18,1,0,0
-48,-40,-18,1,0,0
-50,-40,-18,0,1,374
-52,-40,-18,0,1,374
-54,-40,-18,0,1,371
-56,-40,-18,0,1,371
-58,-40,-18,0,1,365
-60,-40,-18,0,1,360
-62,-40,-18,0,1,356
-64,-40,-18,0,1,349
-66,-40,-18,0,1,323
-68,-40,-18,0,1,252
-20,-38,-18,1,0,0
-22,-38,-18,1,0,0
-24,-38,-18,1,0,0
-26,-38,-18,1,0,0
-28,-38,-18,1,0,0
-30,-38,-18,1,0,0
-32,-38,-18,1,0,0
-34,-38,-18,1,0,0
-36,-38,-18,1,0,0
-38,-38,-18,1,0,0
-40,-38,-18,1,0,0
-42,-38,-18,1,0,0
-44,-38,-18,1,0,0
-46,-38,-18,1,0,0
-48,-38,-18,1,0,0
-50,-38,-18,0,1,374
-52,-38,-18,0,1,374
-54,-38,-18,0,1,371
-56,-38,-18,0,1,370
-58,-38,-18,0,1,364
-60,-38,-18,0,1,360
-62,-38,-18,0,1,355
-64,-38,-18,0,1,352
-66,-38,-18,0,1,328
-68,-38,-18,0,1,275
-20,-36,-18,1,0,0
-22,-36,-18,1,0,0
-24,-36,-18,1,0,0
-26,-36,-18,1,0,0
-28,-36,-18,1,0,0
-30,-36,-18,1,0,0
-32,-36,-18,1,0,0
-34,-36,-18,1,0,0
-36,-36,-18,1,0,0
-38,-36,-18,1,0,0
-40,-36,-18,1,0,0
-42,-36,-18,1,0,0
-44,-36,-18,1,0,0
-46,-36,-18,1,0,0
-48,-36,-18,1,0,0
-50,-36,-18,0,1,374
-52,-36,-18,0,1,373
-54,-36,-18,0,1,372
-56,-36,-18,0,1,370
-58,-36,-18,0,1,363
-60,-36,-18,0,1,359
-62,-36,-18,0,1,356
-64,-36,-18,0,1,352
-66,-36,-18,0,1,332
-68,-36,-18,0,1,288
-18,-34,-18,1,0,0
-20,-34,-18,1,0,0
-22,-34,-18,1,0,0
-24,-34,-18,1,0,0
-26,-34,-18,1,0,0
-28,-34,-18,1,0,0
-30,-34,-18,1,0,0
-32,-34,-18,1,0,0
-34,-34,-18,1,0,0
-36,-34,-18,1,0,0
-38,-34,-18,1,0,0
-40,-34,-18,1,0,0
-42,-34,-18,1,0,0
-44,-34,-18,1,0,0
-46,-34,-18,1,0,0
-48,-34,-18,1,0,0
-50,-34,-18,0,1,374
-52,-34,-18,0,1,373
-54,-34,-18,0,1,372
-56,-34,-18,0,1,369
-58,-34,-18,0,1,364
-60,-34,-18,0,1,360
-62,-34,-18,0,1,357
-64,-34,-18,0,1,354
-66,-34,-18,0,1,340
-68,-34,-18,0,1,294
-70,-34,-18,0,1,217
-16,-32,-18,1,0,0
-18,-32,-18,1,0,0
-20,-32,-18,1,0,0
-30,-32,-18,1,0,0
-32,-32,-18,1,0,0
-34,-32,-18,1,0,0
-36,-32,-18,1,0,0
-38,-32,-18,1,0,0
-40,-32,-18,1,0,0
-42,-32,-18,1,0,0
-44,-32,-18,1,0,0
-46,-32,-18,1,0,0
-50,-32,-18,0,1,374
-52,-32,-18,0,1,373
-54,-32,-18,0,1,371
-56,-32,-18,0,1,369
-58,-32,-18,0,1,364
-60,-32,-18,0,1,361
-62,-32,-18,0,1,357
-64,-32,-18,0,1,351
-66,-32,-18,0,1,338
-68,-32,-18,0,1,310
-70,-32,-18,0,1,240
-32,-30,-18,1,0,0
-34,-30,-18,1,0,0
-36,-30,-18,1,0,0
-38,-30,-18,1,0,0
-40,-30,-18,1,0,0
-42,-30,-18,1,0,0
-44,-30,-18,1,0,0
-46,-30,-18,1,0,0
-50,-30,-18,1,0,0
-52,-30,-18,0,1,372
-54,-30,-18,0,1,371
-56,-30,-18,0,1,370
-58,-30,-18,0,1,366
-60,-30,-18,0,1,367
-62,-30,-18,0,1,358
-64,-30,-18,0,1,355
-66,-30,-18,0,1,343
-68,-30,-18,0,1,319
-70,-30,-18,0,1,259
-22,-76,-16,0,1,373
-24,-76,-16,0,1,373
-26,-76,-16,0,1,372
-28,-76,-16,0,1,372
-30,-76,-16,0,1,372
-32,-76,-16,0,1,372
-34,-76,-16,0,1,372
-36,-76,-16,0,1,372
-38,-76,-16,0,1,372
-40,-76,-16,0,1,372
-42,-76,-16,0,1,372
-22,-74,-16,0,1,373
-24,-74,-16,0,1,373
-26,-74,-16,0,1,373
-28,-74,-16,0,1,373
-30,-74,-16,0,1,373
-32,-74,-16,0,1,373
-34,-74,-16,0,1,373
-36,-74,-16,0,1,373
-38,-74,-16,0,1,373
-40,-74,-16,0,1,373
-42,-74,-16,0,1,373
-22,-72,-16,0,1,373
-24,-72,-16,0,1,373
-26,-72,-16,0,1,373
-28,-72,-16,0,1,373
-30,-72,-16,0,1,373
-32,-72,-16,0,1,373
-34,-72,-16,0,1,373
-36,-72,-16,0,1,373
-38,-72,-16,0,1,373
-40,-72,-16,0,1,373
-42,-72,-16,0,1,373
-22,-70,-16,0,1,374
-24,-70,-16,0,1,374
-26,-70,-16,0,1,374
-28,-70,-16,0,1,374
-30,-70,-16,0,1,373
-32,-70,-16,0,1,373
-34,-70,-16,0,1,373
-36,-70,-16,0,1,373
-38,-70,-16,0,1,373
-40,-70,-16,0,1,373
-42,-70,-16,0,1,373
-24,-68,-16,0,1,374
-26,-68,-16,0,1,374
-28,-68,-16,0,1,374
-30,-68,-16,0,1,374
-32,-68,-16,0,1,374
-34,-68,-16,0,1,374
-36,-68,-16,0,1,374
-38,-68,-16,0,1,374
-40,-68,-16,0,1,374
-42,-68,-16,0,1,374
-44,-68,-16,0,1,374
-24,-66,-16,1,0,0
-26,-66,-16,1,0,0
-28,-66,-16,1,0,0
-30,-66,-16,1,0,0
-32,-66,-16,1,0,0
-34,-66,-16,1,0,0
-36,-66,-16,1,0,0
-38,-66,-16,1,0,0
-40,-66,-16,1,0,0
-42,-66,-16,1,0,0
-44,-66,-16,1,0,0
-24,-64,-16,1,0,0
-26,-64,-16,1,0,0
-28,-64,-16,1,0,0
-30,-64,-16,1,0,0
-32,-64,-16,1,0,0
-34,-64,-16,1,0,0
-36,-64,-16,1,0,0
-38,-64,-16,1,0,0
-40,-64,-16,1,0,0
-42,-64,-16,1,0,0
-44,-64,-16,1,0,0
-24,-62,-16,1,0,0
-26,-62,-16,1,0,0
-28,-62,-16,1,0,0
-30,-62,-16,1,0,0
-32,-62,-16,1,0,0
-34,-62,-16,1,0,0
-36,-62,-16,1,0,0
-38,-62,-16,1,0,0
-40,-62,-16,1,0,0
-42,-62,-16,1,0,0
-44,-62,-16,1,0,0
-46,-62,-16,1,0,0
-54,-62,-16,1,0,0
-56,-62,-16,1,0,0
-58,-62,-16,0,1,373
-60,-62,-16,0,1,345
-24,-60,-16,1,0,0
-26,-60,-16,1,0,0
-28,-60,-16,1,0,0
-30,-60,-16,1,0,0
-32,-60,-16,1,0,0
-34,-60,-16,1,0,0
-36,-60,-16,1,0,0
-38,-60,-16,1,0,0
-40,-60,-16,1,0,0
-42,-60,-16,1,0,0
-44,-60,-16,1,0,0
-46,-60,-16,1,0,0
-50,-60,-16,1,0,0
-52,-60,-16,1,0,0
-54,-60,-16,1,0,0
-56,-60,-16,1,0,0
-58,-60,-16,0,1,374
-60,-60,-16,0,1,364
-62,-60,-16,0,1,315
-24,-58,-16,1,0,0
-26,-58,-16,1,0,0
-28,-58,-16,1,0,0
-30,-58,-16,1,0,0
-32,-58,-16,1,0,0
-34,-58,-16,1,0,0
-36,-58,-16,1,0,0
-38,-58,-16,1,0,0
-40,-58,-16,1,0,0
-42,-58,-16,1,0,0
-44,-58,-16,1,0,0
-46,-58,-16,1,0,0
-48,-58,-16,1,0,0
-50,-58,-16,1,0,0
-52,-58,-16,1,0,0
-54,-58,-16,1,0,0
-56,-58,-16,1,0,0
-58,-58,-16,0,1,374
-60,-58,-16,0,1,370
-62,-58,-16,0,1,343
-64,-58,-16,0,1,254
-24,-56,-16,1,0,0
-26,-56,-16,1,0,0
-28,-56,-16,1,0,0
-30,-56,-16,1,0,0
-32,-56,-16,1,0,0
-34,-56,-16,1,0,0
-36,-56,-16,1,0,0
-38,-56,-16,1,0,0
-40,-56,-16,1,0,0
-42,-56,-16,1,0,0
-44,-56,-16,1,0,0
-46,-56,-16,1,0,0
-48,-56,-16,1,0,0
-50,-56,-16,1,0,0
-52,-56,-16,1,0,0
-54,-56,-16,1,0,0
-56,-56,-16,1,0,0
-58,-56,-16,1,0,0
-60,-56,-16,0,1,372
-62,-56,-16,0,1,360
-64,-56,-16,0,1,308
-22,-54,-16,1,0,0
-24,-54,-16,1,0,0
-26,-54,-16,1,0,0
-28,-54,-16,1,0,0
-30,-54,-16,1,0,0
-32,-54,-16,1,0,0
-34,-54,-16,1,0,0
-36,-54,-16,1,0,0
-38,-54,-16,1,0,0
-40,-54,-16,1,0,0
-42,-54,-16,1,0,0
-44,-54,-16,1,0,0
-46,-54,-16,1,0,0
-48,-54,-16,1,0,0
-50,-54,-16,1,0,0
-52,-54,-16,1,0,0
-54,-54,-16,1,0,0
-56,-54,-16,1,0,0
-58,-54,-16,1,0,0
-60,-54,-16,0,1,373
-62,-54,-16,0,1,364
-64,-54,-16,0,1,331
-22,-52,-16,1,0,0
-24,-52,-16,1,0,0
-26,-52,-16,1,0,0
-28,-52,-16,1,0,0
-30,-52,-16,1,0,0
-32,-52,-16,1,0,0
-34,-52,-16,1,0,0
-36,-52,-16,1,0,0
-38,-52,-16,1,0,0
-40,-52,-16,1,0,0
-42,-52,-16,1,0,0
-44,-52,-16,1,0,0
-46,-52,-16,1,0,0
-48,-52,-16,1,0,0
-50,-52,-16,1,0,0
-52,-52,-16,1,0,0
-54,-52,-16,1,0,0
-56,-52,-16,1,0,0
-58,-52,-16,1,0,0
-60,-52,-16,0,1,372
-62,-52,-16,0,1,365
-64,-52,-16,0,1,346
-66,-52,-16,0,1,267
-22,-50,-16,1,0,0
-24,-50,-16,1,0,0
-26,-50,-16,1,0,0
-28,-50,-16,1,0,0
-30,-50,-16,1,0,0
-32,-50,-16,1,0,0
-34,-50,-16,1,0,0
-36,-50,-16,1,0,0
-38,-50,-16,1,0,0
-40,-50,-16,1,0,0
-42,-50,-16,1,0,0
-44,-50,-16,1,0,0
-46,-50,-16,1,0,0
-48,-50,-16,1,0,0
-50,-50,-16,1,0,0
-52,-50,-16,1,0,0
-54,-50,-16,1,0,0
-56,-50,-16,1,0,0
-58,-50,-16,1,0,0
-60,-50,-16,0,1,373
-62,-50,-16,0,1,368
-64,-50,-16,0,1,353
-66,-50,-16,0,1,299
-68,-50,-16,0,1,148
-20,-48,-16,1,0,0
-22,-48,-16,1,0,0
-24,-48,-16,1,0,0
-26,-48,-16,1,0,0
-28,-48,-16,1,0,0
-30,-48,-16,1,0,0
-32,-48,-16,1,0,0
-34,-48,-16,1,0,0
-36,-48,-16,1,0,0
-38,-48,-16,1,0,0
-40,-48,-16,1,0,0
-42,-48,-16,1,0,0
-44,-48,-16,1,0,0
-46,-48,-16,1,0,0
-48,-48,-16,1,0,0
-50,-48,-16,1,0,0
-52,-48,-16,1,0,0
-54,-48,-16,1,0,0
-56,-48,-16,1,0,0
-58,-48,-16,1,0,0
-60,-48,-16,0,1,374
-62,-48,-16,0,1,369
-64,-48,-16,0,1,356
-66,-48,-16,0,1,319
-68,-48,-16,0,1,202
-20,-46,-16,1,0,0
-22,-46,-16,1,0,0
-24,-46,-16,1,0,0
-26,-46,-16,1,0,0
-28,-46,-16,1,0,0
-30,-46,-16,1,0,0
-32,-46,-16,1,0,0
-34,-46,-16,1,0,0
-36,-46,-16,1,0,0
-38,-46,-16,1,0,0
-40,-46,-16,1,0,0
-42,-46,-16,1,0,0
-44,-46,-16,1,0,0
-46,-46,-16,1,0,0
-48,-46,-16,1,0,0
-50,-46,-16,1,0,0
-52,-46,-16,1,0,0
-54,-46,-16,1,0,0
-56,-46,-16,1,0,0
-58,-46,-16,1,0,0
-60,-46,-16,0,1,374
-62,-46,-16,0,1,366
-64,-46,-16,0,1,358
-66,-46,-16,0,1,331
-68,-46,-16,0,1,238
-18,-44,-16,1,0,0
-20,-44,-16,1,0,0
-22,-44,-16,1,0,0
-24,-44,-16,1,0,0
-26,-44,-16,1,0,0
-28,-44,-16,1,0,0
-30,-44,-16,1,0,0
-32,-44,-16,1,0,0
-34,-44,-16,1,0,0
-36,-44,-16,1,0,0
-38,-44,-16,1,0,0
-40,-44,-16,1,0,0
-42,-44,-16,1,0,0
-44,-44,-16,1,0,0
-46,-44,-16,1,0,0
-48,-44,-16,1,0,0
-50,-44,-16,1,0,0
-52,-44,-16,1,0,0
-54,-44,-16,1,0,0
-56,-44,-16,1,0,0
-58,-44,-16,1,0,0
-60,-44,-16,0,1,371
-62,-44,-16,0,1,365
-64,-44,-16,0,1,358
-66,-44,-16,0,1,338
-68,-44,-16,0,1,256
-18,-42,-16,1,0,0
-20,-42,-16,1,0,0
-22,-42,-16,1,0,0
-24,-42,-16,1,0,0
-26,-42,-16,1,0,0
-28,-42,-16,1,0,0
-30,-42,-16,1,0,0
-32,-42,-16,1,0,0
-34,-42,-16,1,0,0
-36,-42,-16,1,0,0
-38,-42,-16,1,0,0
-40,-42,-16,1,0,0
-42,-42,-16,1,0,0
-44,-42,-16,1,0,0
-46,-42,-16,1,0,0
-48,-42,-16,1,0,0
-50,-42,-16,1,0,0
-52,-42,-16,1,0,0
-54,-42,-16,1,0,0
-56,-42,-16,0,1,374
-58,-42,-16,0,1,372
-60,-42,-16,0,1,371
-62,-42,-16,0,1,365
-64,-42,-16,0,1,359
-66,-42,-16,0,1,346
-68,-42,-16,0,1,287
-16,-40,-16,1,0,0
-18,-40,-16,1,0,0
-20,-40,-16,1,0,0
-22,-40,-16,1,0,0
-24,-40,-16,1,0,0
-26,-40,-16,1,0,0
-28,-40,-16,1,0,0
-30,-40,-16,1,0,0
-32,-40,-16,1,0,0
-34,-40,-16,1,0,0
-36,-40,-16,1,0,0
-38,-40,-16,1,0,0
-40,-40,-16,1,0,0
-42,-40,-16,1,0,0
-44,-40,-16,1,0,0
-46,-40,-16,1,0,0
-48,-40,-16,1,0,0
-50,-40,-16,1,0,0
-52,-40,-16,1,0,0
-54,-40,-16,0,1,374
-56,-40,-16,0,1,374
-58,-40,-16,0,1,372
-60,-40,-16,0,1,371
-62,-40,-16,0,1,364
-64,-40,-16,0,1,362
-66,-40,-16,0,1,349
-68,-40,-16,0,1,303
-16,-38,-16,1,0,0
-18,-38,-16,1,0,0
-20,-38,-16,1,0,0
-22,-38,-16,1,0,0
-24,-38,-16,1,0,0
-26,-38,-16,1,0,0
-28,-38,-16,1,0,0
-30,-38,-16,1,0,0
-32,-38,-16,1,0,0
-34,-38,-16,1,0,0
-36,-38,-16,1,0,0
-38,-38,-16,1,0,0
-40,-38,-16,1,0,0
-42,-38,-16,1,0,0
-44,-38,-16,1,0,0
-46,-38,-16,1,0,0
-48,-38,-16,1,0,0
-50,-38,-16,1,0,0
-52,-38,-16,0,1,374
-54,-38,-16,0,1,374
-56,-38,-16,0,1,374
-58,-38,-16,0,1,372
-60,-38,-16,0,1,372
-62,-38,-16,0,1,366
-64,-38,-16,0,1,363
-66,-38,-16,0,1,353
-68,-38,-16,0,1,319
-16,-36,-16,1,0,0
-18,-36,-16,1,0,0
-20,-36,-16,1,0,0
-22,-36,-16,1,0,0
-24,-36,-16,1,0,0
-26,-36,-16,1,0,0
-28,-36,-16,1,0,0
-30,-36,-16,1,0,0
-32,-36,-16,1,0,0
-34,-36,-16,1,0,0
-36,-36,-16,1,0,0
-38,-36,-16,1,0,0
-40,-36,-16,1,0,0
-42,-36,-16,1,0,0
-44,-36,-16,1,0,0
-46,-36,-16,1,0,0
-48,-36,-16,1,0,0
-54,-36,-16,0,1,374
-56,-36,-16,0,1,374
-58,-36,-16,0,1,373
-60,-36,-16,0,1,370
-62,-36,-16,0,1,366
-14,-34,-16,1,0,0
-16,-34,-16,1,0,0
-18,-34,-16,1,0,0
-20,-34,-16,1,0,0
-22,-34,-16,1,0,0
-24,-34,-16,1,0,0
-26,-34,-16,1,0,0
-28,-34,-16,1,0,0
-30,-34,-16,1,0,0
-32,-34,-16,1,0,0
-34,-34,-16,1,0,0
-36,-34,-16,1,0,0
-38,-34,-16,1,0,0
-40,-34,-16,1,0,0
-42,-34,-16,1,0,0
-44,-34,-16,1,0,0
-46,-34,-16,1,0,0
-48,-34,-16,1,0,0
-32,-32,-16,1,0,0
-34,-32,-16,1,0,0
-36,-32,-16,1,0,0
-38,-32,-16,1,0,0
-40,-32,-16,1,0,0
-42,-32,-16,1,0,0
-44,-32,-16,1,0,0
-46,-32,-16,1,0,0
-32,-30,-16,1,0,0
-34,-30,-16,1,0,0
-36,-30,-16,1,0,0
-38,-30,-16,1,0,0
-40,-30,-16,1,0,0
-42,-30,-16,1,0,0
-44,-30,-16,1,0,0
-46,-30,-16,1,0,0
-22,-76,-14,0,1,373
-24,-76,-14,0,1,373
-26,-76,-14,0,1,373
-28,-76,-14,0,1,373
-30,-76,-14,0,1,373
-32,-76,-14,0,1,373
-34,-76,-14,0,1,373
-36,-76,-14,0,1,373
-38,-76,-14,0,1,373
-40,-76,-14,0,1,373
-22,-74,-14,0,1,373
-24,-74,-14,0,1,373
-26,-74,-14,0,1,373
-28,-74,-14,0,1,373
-30,-74,-14,0,1,373
-32,-74,-14,0,1,373
-34,-74,-14,0,1,373
-36,-74,-14,0,1,373
-38,-74,-14,0,1,373
-40,-74,-14,0,1,373
-22,-72,-14,0,1,374
-24,-72,-14,0,1,374
-26,-72,-14,0,1,374
-28,-72,-14,0,1,374
-30,-72,-14,0,1,373
-32,-72,-14,0,1,373
-34,-72,-14,0,1,373
-36,-72,-14,0,1,374
-38,-72,-14,0,1,374
-40,-72,-14,0,1,374
-22,-70,-14,1,0,0
-24,-70,-14,1,0,0
-26,-70,-14,1,0,0
-28,-70,-14,1,0,0
-30,-70,-14,1,0,0
-32,-70,-14,1,0,0
-34,-70,-14,1,0,0
-36,-70,-14,1,0,0
-38,-70,-14,1,0,0
-40,-70,-14,1,0,0
-24,-68,-14,1,0,0
-26,-68,-14,1,0,0
-28,-68,-14,1,0,0
-30,-68,-14,1,0,0
-32,-68,-14,1,0,0
-34,-68,-14,1,0,0
-36,-68,-14,1,0,0
-38,-68,-14,1,0,0
-40,-68,-14,1,0,0
-42,-68,-14,1,0,0
-24,-66,-14,1,0,0
-26,-66,-14,1,0,0
-28,-66,-14,1,0,0
-30,-66,-14,1,0,0
-32,-66,-14,1,0,0
-34,-66,-14,1,0,0
-36,-66,-14,1,0,0
-38,-66,-14,1,0,0
-40,-66,-14,1,0,0
-42,-66,-14,1,0,0
-24,-64,-14,1,0,0
-26,-64,-14,1,0,0
-28,-64,-14,1,0,0
-30,-64,-14,1,0,0
-32,-64,-14,1,0,0
-34,-64,-14,1,0,0
-36,-64,-14,1,0,0
-38,-64,-14,1,0,0
-40,-64,-14,1,0,0
-42,-64,-14,1,0,0
-44,-64,-14,1,0,0
-24,-62,-14,1,0,0
-26,-62,-14,1,0,0
-28,-62,-14,1,0,0
-30,-62,-14,1,0,0
-32,-62,-14,1,0,0
-34,-62,-14,1,0,0
-36,-62,-14,1,0,0
-38,-62,-14,1,0,0
-40,-62,-14,1,0,0
-42,-62,-14,1,0,0
-56,-62,-14,1,0,0
-58,-62,-14,1,0,0
-60,-62,-14,0,1,365
-62,-62,-14,0,1,303
-24,-60,-14,1,0,0
-26,-60,-14,1,0,0
-28,-60,-14,1,0,0
-30,-60,-14,1,0,0
-32,-60,-14,1,0,0
-34,-60,-14,1,0,0
-36,-60,-14,1,0,0
-38,-60,-14,1,0,0
-40,-60,-14,1,0,0
-42,-60,-14,1,0,0
-52,-60,-14,1,0,0
-54,-60,-14,1,0,0
-56,-60,-14,1,0,0
-58,-60,-14,1,0,0
-60,-60,-14,0,1,372
-62,-60,-14,0,1,350
-24,-58,-14,1,0,0
-26,-58,-14,1,0,0
-28,-58,-14,1,0,0
-30,-58,-14,1,0,0
-32,-58,-14,1,0,0
-34,-58,-14,1,0,0
-36,-58,-14,1,0,0
-38,-58,-14,1,0,0
-40,-58,-14,1,0,0
-42,-58,-14,1,0,0
-46,-58,-14,1,0,0
-48,-58,-14,1,0,0
-50,-58,-14,1,0,0
-52,-58,-14,1,0,0
-54,-58,-14,1,0,0
-56,-58,-14,1,0,0
-58,-58,-14,1,0,0
-60,-58,-14,0,1,374
-62,-58,-14,0,1,367
-24,-56,-14,1,0,0
-26,-56,-14,1,0,0
-28,-56,-14,1,0,0
-30,-56,-14,1,0,0
-32,-56,-14,1,0,0
-34,-56,-14,1,0,0
-36,-56,-14,1,0,0
-38,-56,-14,1,0,0
-40,-56,-14,1,0,0
-42,-56,-14,1,0,0
-44,-56,-14,1,0,0
-46,-56,-14,1,0,0
-48,-56,-14,1,0,0
-50,-56,-14,1,0,0
-52,-56,-14,1,0,0
-54,-56,-14,1,0,0
-56,-56,-14,1,0,0
-58,-56,-14,1,0,0
-60,-56,-14,1,0,0
-62,-56,-14,0,1,371
-64,-56,-14,0,1,347
-22,-54,-14,1,0,0
-24,-54,-14,1,0,0
-26,-54,-14,1,0,0
-28,-54,-14,1,0,0
-30,-54,-14,1,0,0
-32,-54,-14,1,0,0
-34,-54,-14,1,0,0
-36,-54,-14,1,0,0
-38,-54,-14,1,0,0
-40,-54,-14,1,0,0
-42,-54,-14,1,0,0
-44,-54,-14,1,0,0
-46,-54,-14,1,0,0
-48,-54,-14,1,0,0
-50,-54,-14,1,0,0
-52,-54,-14,1,0,0
-54,-54,-14,1,0,0
-56,-54,-14,1,0,0
-58,-54,-14,1,0,0
-60,-54,-14,1,0,0
-62,-54,-14,0,1,373
-64,-54,-14,0,1,359
-22,-52,-14,1,0,0
-24,-52,-14,1,0,0
-26,-52,-14,1,0,0
-28,-52,-14,1,0,0
-30,-52,-14,1,0,0
-32,-52,-14,1,0,0
-34,-52,-14,1,0,0
-36,-52,-14,1,0,0
-38,-52,-14,1,0,0
-40,-52,-14,1,0,0
-42,-52,-14,1,0,0
-44,-52,-14,1,0,0
-46,-52,-14,1,0,0
-48,-52,-14,1,0,0
-50,-52,-14,1,0,0
-52,-52,-14,1,0,0
-54,-52,-14,1,0,0
-56,-52,-14,1,0,0
-58,-52,-14,1,0,0
-60,-52,-14,1,0,0
-62,-52,-14,0,1,374
-64,-52,-14,0,1,368
-66,-52,-14,0,1,322
-20,-50,-14,1,0,0
-22,-50,-14,1,0,0
-24,-50,-14,1,0,0
-26,-50,-14,1,0,0
-28,-50,-14,1,0,0
-30,-50,-14,1,0,0
-32,-50,-14,1,0,0
-34,-50,-14,1,0,0
-36,-50,-14,1,0,0
-38,-50,-14,1,0,0
-40,-50,-14,1,0,0
-42,-50,-14,1,0,0
-44,-50,-14,1,0,0
-46,-50,-14,1,0,0
-48,-50,-14,1,0,0
-50,-50,-14,1,0,0
-52,-50,-14,1,0,0
-54,-50,-14,1,0,0
-56,-50,-14,1,0,0
-58,-50,-14,1,0,0
-60,-50,-14,1,0,0
-62,-50,-14,0,1,374
-64,-50,-14,0,1,368
-66,-50,-14,0,1,339
-18,-48,-14,1,0,0
-20,-48,-14,1,0,0
-22,-48,-14,1,0,0
-24,-48,-14,1,0,0
-26,-48,-14,1,0,0
-28,-48,-14,1,0,0
-30,-48,-14,1,0,0
-32,-48,-14,1,0,0
-34,-48,-14,1,0,0
-36,-48,-14,1,0,0
-38,-48,-14,1,0,0
-40,-48,-14,1,0,0
-42,-48,-14,1,0,0
-44,-48,-14,1,0,0
-46,-48,-14,1,0,0
-48,-48,-14,1,0,0
-50,-48,-14,1,0,0
-52,-48,-14,1,0,0
-54,-48,-14,1,0,0
-56,-48,-14,1,0,0
-58,-48,-14,1,0,0
-60,-48,-14,1,0,0
-62,-48,-14,0,1,374
-64,-48,-14,0,1,370
-66,-48,-14,0,1,349
-68,-48,-14,0,1,258
-16,-46,-14,1,0,0
-18,-46,-14,1,0,0
-20,-46,-14,1,0,0
-22,-46,-14,1,0,0
-24,-46,-14,1,0,0
-26,-46,-14,1,0,0
-28,-46,-14,1,0,0
-30,-46,-14,1,0,0
-32,-46,-14,1,0,0
-34,-46,-14,1,0,0
-36,-46,-14,1,0,0
-38,-46,-14,1,0,0
-40,-46,-14,1,0,0
-42,-46,-14,1,0,0
-44,-46,-14,1,0,0
-46,-46,-14,1,0,0
-48,-46,-14,1,0,0
-50,-46,-14,1,0,0
-52,-46,-14,1,0,0
-54,-46,-14,1,0,0
-56,-46,-14,1,0,0
-58,-46,-14,1,0,0
-60,-46,-14,1,0,0
-62,-46,-14,0,1,374
-64,-46,-14,0,1,371
-16,-44,-14,1,0,0
-18,-44,-14,1,0,0
-20,-44,-14,1,0,0
-22,-44,-14,1,0,0
-24,-44,-14,1,0,0
-26,-44,-14,1,0,0
-28,-44,-14,1,0,0
-30,-44,-14,1,0,0
-32,-44,-14,1,0,0
-34,-44,-14,1,0,0
-36,-44,-14,1,0,0
-38,-44,-14,1,0,0
-40,-44,-14,1,0,0
-42,-44,-14,1,0,0
-44,-44,-14,1,0,0
-46,-44,-14,1,0,0
-48,-44,-14,1,0,0
-50,-44,-14,1,0,0
-52,-44,-14,1,0,0
-54,-44,-14,1,0,0
-56,-44,-14,1,0,0
-58,-44,-14,1,0,0
-60,-44,-14,1,0,0
-16,-42,-14,1,0,0
-18,-42,-14,1,0,0
-20,-42,-14,1,0,0
-22,-42,-14,1,0,0
-24,-42,-14,1,0,0
-26,-42,-14,1,0,0
-28,-42,-14,1,0,0
-30,-42,-14,1,0,0
-32,-42,-14,1,0,0
-34,-42,-14,1,0,0
-36,-42,-14,1,0,0
-38,-42,-14,1,0,0
-40,-42,-14,1,0,0
-42,-42,-14,1,0,0
-44,-42,-14,1,0,0
-46,-42,-14,1,0,0
-48,-42,-14,1,0,0
-50,-42,-14,1,0,0
-52,-42,-14,1,0,0
-54,-42,-14,1,0,0
-56,-42,-14,1,0,0
-16,-40,-14,1,0,0
-18,-40,-14,1,0,0
-20,-40,-14,1,0,0
-22,-40,-14,1,0,0
-24,-40,-14,1,0,0
-26,-40,-14,1,0,0
-28,-40,-14,1,0,0
-30,-40,-14,1,0,0
-32,-40,-14,1,0,0
-34,-40,-14,1,0,0
-36,-40,-14,1,0,0
-38,-40,-14,1,0,0
-40,-40,-14,1,0,0
-42,-40,-14,1,0,0
-44,-40,-14,1,0,0
-46,-40,-14,1,0,0
-48,-40,-14,1,0,0
-50,-40,-14,1,0,0
-14,-38,-14,1,0,0
-16,-38,-14,1,0,0
-18,-38,-14,1,0,0
-20,-38,-14,1,0,0
-22,-38,-14,1,0,0
-32,-38,-14,1,0,0
-36,-38,-14,1,0,0
-38,-38,-14,1,0,0
-40,-38,-14,1,0,0
-42,-38,-14,1,0,0
-44,-38,-14,1,0,0
-46,-38,-14,1,0,0
-18,-36,-14,1,0,0
-20,-36,-14,1,0,0
-32,-36,-14,1,0,0
-34,-36,-14,1,0,0
-36,-36,-14,1,0,0
-38,-36,-14,1,0,0
-40,-36,-14,1,0,0
-42,-36,-14,1,0,0
-44,-36,-14,1,0,0
-36,-34,-14,1,0,0
-38,-34,-14,1,0,0
-40,-34,-14,1,0,0
-42,-34,-14,1,0,0
-36,-32,-14,1,0,0
-38,-32,-14,1,0,0
-40,-32,-14,1,0,0
-42,-32,-14,1,0,0
-38,-30,-14,1,0,0
-40,-30,-14,1,0,0
-22,-76,-12,0,1,373
-24,-76,-12,0,1,373
-26,-76,-12,0,1,373
-28,-76,-12,0,1,373
-30,-76,-12,0,1,373
-32,-76,-12,0,1,374
-24,-74,-12,1,0,0
-26,-74,-12,1,0,0
-28,-74,-12,1,0,0
-30,-74,-12,0,1,374
-32,-74,-12,0,1,374
-34,-74,-12,0,1,374
-24,-72,-12,1,0,0
-26,-72,-12,1,0,0
-28,-72,-12,1,0,0
-30,-72,-12,1,0,0
-32,-72,-12,1,0,0
-34,-72,-12,1,0,0
-36,-72,-12,1,0,0
-24,-70,-12,1,0,0
-26,-70,-12,1,0,0
-28,-70,-12,1,0,0
-30,-70,-12,1,0,0
-32,-70,-12,1,0,0
-34,-70,-12,1,0,0
-36,-70,-12,1,0,0
-38,-70,-12,1,0,0
-26,-68,-12,1,0,0
-28,-68,-12,1,0,0
-30,-68,-12,1,0,0
-32,-68,-12,1,0,0
-34,-68,-12,1,0,0
-36,-68,-12,1,0,0
-38,-68,-12,1,0,0
-28,-66,-12,1,0,0
-30,-66,-12,1,0,0
-32,-66,-12,1,0,0
-34,-66,-12,1,0,0
-36,-66,-12,1,0,0
-38,-66,-12,1,0,0
-40,-66,-12,1,0,0
-54,-66,-12,1,0,0
-56,-66,-12,1,0,0
-28,-64,-12,1,0,0
-30,-64,-12,1,0,0
-32,-64,-12,1,0,0
-34,-64,-12,1,0,0
-36,-64,-12,1,0,0
-38,-64,-12,1,0,0
-40,-64,-12,1,0,0
-52,-64,-12,1,0,0
-54,-64,-12,1,0,0
-56,-64,-12,1,0,0
-58,-64,-12,0,1,373
-28,-62,-12,1,0,0
-30,-62,-12,1,0,0
-32,-62,-12,1,0,0
-34,-62,-12,1,0,0
-36,-62,-12,1,0,0
-38,-62,-12,1,0,0
-40,-62,-12,1,0,0
-50,-62,-12,1,0,0
-52,-62,-12,1,0,0
-54,-62,-12,1,0,0
-56,-62,-12,1,0,0
-58,-62,-12,1,0,0
-60,-62,-12,0,1,371
-62,-62,-12,0,1,331
-26,-60,-12,1,0,0
-28,-60,-12,1,0,0
-30,-60,-12,1,0,0
-32,-60,-12,1,0,0
-34,-60,-12,1,0,0
-36,-60,-12,1,0,0
-38,-60,-12,1,0,0
-40,-60,-12,1,0,0
-48,-60,-12,1,0,0
-50,-60,-12,1,0,0
-52,-60,-12,1,0,0
-54,-60,-12,1,0,0
-56,-60,-12,1,0,0
-58,-60,-12,1,0,0
-60,-60,-12,0,1,374
-62,-60,-12,0,1,362
-26,-58,-12,1,0,0
-28,-58,-12,1,0,0
-30,-58,-12,1,0,0
-32,-58,-12,1,0,0
-34,-58,-12,1,0,0
-36,-58,-12,1,0,0
-38,-58,-12,1,0,0
-40,-58,-12,1,0,0
-42,-58,-12,1,0,0
-46,-58,-12,1,0,0
-48,-58,-12,1,0,0
-50,-58,-12,1,0,0
-52,-58,-12,1,0,0
-54,-58,-12,1,0,0
-56,-58,-12,1,0,0
-58,-58,-12,1,0,0
-60,-58,-12,1,0,0
-62,-58,-12,0,1,369
-64,-58,-12,0,1,337
-26,-56,-12,1,0,0
-28,-56,-12,1,0,0
-30,-56,-12,1,0,0
-32,-56,-12,1,0,0
-34,-56,-12,1,0,0
-36,-56,-12,1,0,0
-38,-56,-12,1,0,0
-40,-56,-12,1,0,0
-42,-56,-12,1,0,0
-44,-56,-12,1,0,0
-46,-56,-12,1,0,0
-48,-56,-12,1,0,0
-50,-56,-12,1,0,0
-52,-56,-12,1,0,0
-54,-56,-12,1,0,0
-56,-56,-12,1,0,0
-58,-56,-12,1,0,0
-60,-56,-12,1,0,0
-62,-56,-12,0,1,373
-26,-54,-12,1,0,0
-28,-54,-12,1,0,0
-30,-54,-12,1,0,0
-32,-54,-12,1,0,0
-34,-54,-12,1,0,0
-36,-54,-12,1,0,0
-38,-54,-12,1,0,0
-40,-54,-12,1,0,0
-42,-54,-12,1,0,0
-44,-54,-12,1,0,0
-46,-54,-12,1,0,0
-48,-54,-12,1,0,0
-50,-54,-12,1,0,0
-52,-54,-12,1,0,0
-54,-54,-12,1,0,0
-56,-54,-12,1,0,0
-58,-54,-12,1,0,0
-60,-54,-12,1,0,0
-62,-54,-12,1,0,0
-26,-52,-12,1,0,0
-28,-52,-12,1,0,0
-30,-52,-12,1,0,0
-32,-52,-12,1,0,0
-34,-52,-12,1,0,0
-36,-52,-12,1,0,0
-38,-52,-12,1,0,0
-40,-52,-12,1,0,0
-42,-52,-12,1,0,0
-44,-52,-12,1,0,0
-46,-52,-12,1,0,0
-48,-52,-12,1,0,0
-50,-52,-12,1,0,0
-52,-52,-12,1,0,0
-54,-52,-12,1,0,0
-56,-52,-12,1,0,0
-58,-52,-12,1,0,0
-60,-52,-12,1,0,0
-62,-52,-12,1,0,0
-20,-50,-12,1,0,0
-22,-50,-12,1,0,0
-24,-50,-12,1,0,0
-26,-50,-12,1,0,0
-28,-50,-12,1,0,0
-30,-50,-12,1,0,0
-32,-50,-12,1,0,0
-34,-50,-12,1,0,0
-36,-50,-12,1,0,0
-38,-50,-12,1,0,0
-40,-50,-12,1,0,0
-42,-50,-12,1,0,0
-44,-50,-12,1,0,0
-46,-50,-12,1,0,0
-48,-50,-12,1,0,0
-50,-50,-12,1,0,0
-52,-50,-12,1,0,0
-54,-50,-12,1,0,0
-56,-50,-12,1,0,0
-58,-50,-12,1,0,0
-18,-48,-12,1,0,0
-20,-48,-12,1,0,0
-22,-48,-12,1,0,0
-24,-48,-12,1,0,0
-26,-48,-12,1,0,0
-28,-48,-12,1,0,0
-30,-48,-12,1,0,0
-32,-48,-12,1,0,0
-34,-48,-12,1,0,0
-36,-48,-12,1,0,0
-38,-48,-12,1,0,0
-40,-48,-12,1,0,0
-42,-48,-12,1,0,0
-44,-48,-12,1,0,0
-46,-48,-12,1,0,0
-48,-48,-12,1,0,0
-50,-48,-12,1,0,0
-52,-48,-12,1,0,0
-54,-48,-12,1,0,0
-56,-48,-12,1,0,0
-16,-46,-12,1,0,0
-18,-46,-12,1,0,0
-20,-46,-12,1,0,0
-22,-46,-12,1,0,0
-24,-46,-12,1,0,0
-26,-46,-12,1,0,0
-28,-46,-12,1,0,0
-30,-46,-12,1,0,0
-32,-46,-12,1,0,0
-34,-46,-12,1,0,0
-36,-46,-12,1,0,0
-38,-46,-12,1,0,0
-40,-46,-12,1,0,0
-42,-46,-12,1,0,0
-44,-46,-12,1,0,0
-46,-46,-12,1,0,0
-48,-46,-12,1,0,0
-50,-46,-12,1,0,0
-52,-46,-12,1,0,0
-54,-46,-12,1,0,0
-16,-44,-12,1,0,0
-18,-44,-12,1,0,0
-20,-44,-12,1,0,0
-22,-44,-12,1,0,0
-24,-44,-12,1,0,0
-26,-44,-12,1,0,0
-28,-44,-12,1,0,0
-30,-44,-12,1,0,0
-32,-44,-12,1,0,0
-34,-44,-12,1,0,0
-36,-44,-12,1,0,0
-38,-44,-12,1,0,0
-40,-44,-12,1,0,0
-48,-44,-12,1,0,0
-50,-44,-12,1,0,0
-16,-42,-12,1,0,0
-18,-42,-12,1,0,0
-20,-42,-12,1,0,0
-22,-42,-12,1,0,0
-24,-42,-12,1,0,0
-26,-42,-12,1,0,0
-28,-42,-12,1,0,0
-30,-42,-12,1,0,0
-32,-42,-12,1,0,0
-34,-42,-12,1,0,0
-36,-42,-12,1,0,0
-16,-40,-12,1,0,0
-18,-40,-12,1,0,0
-20,-40,-12,1,0,0
-22,-40,-12,1,0,0
-24,-40,-12,1,0,0
-26,-40,-12,1,0,0
-28,-40,-12,1,0,0
-30,-40,-12,1,0,0
-32,-40,-12,1,0,0
-14,-38,-12,1,0,0
-24,-76,-10,1,0,0
-26,-76,-10,1,0,0
-28,-76,-10,1,0,0
-24,-74,-10,1,0,0
-26,-74,-10,1,0,0
-28,-74,-10,1,0,0
-30,-74,-10,1,0,0
-24,-72,-10,1,0,0
-26,-72,-10,1,0,0
-28,-72,-10,1,0,0
-30,-72,-10,1,0,0
-32,-72,-10,1,0,0
-24,-70,-10,1,0,0
-26,-70,-10,1,0,0
-28,-70,-10,1,0,0
-30,-70,-10,1,0,0
-32,-70,-10,1,0,0
-34,-70,-10,1,0,0
-26,-68,-10,1,0,0
-28,-68,-10,1,0,0
-30,-68,-10,1,0,0
-32,-68,-10,1,0,0
-34,-68,-10,1,0,0
-46,-68,-10,1,0,0
-48,-68,-10,1,0,0
-50,-68,-10,1,0,0
-52,-68,-10,1,0,0
-54,-68,-10,1,0,0
-28,-66,-10,1,0,0
-30,-66,-10,1,0,0
-32,-66,-10,1,0,0
-34,-66,-10,1,0,0
-44,-66,-10,1,0,0
-46,-66,-10,1,0,0
-48,-66,-10,1,0,0
-50,-66,-10,1,0,0
-52,-66,-10,1,0,0
-54,-66,-10,1,0,0
-56,-66,-10,1,0,0
-28,-64,-10,1,0,0
-30,-64,-10,1,0,0
-32,-64,-10,1,0,0
-34,-64,-10,1,0,0
-36,-64,-10,1,0,0
-42,-64,-10,1,0,0
-44,-64,-10,1,0,0
-46,-64,-10,1,0,0
-48,-64,-10,1,0,0
-50,-64,-10,1,0,0
-52,-64,-10,1,0,0
-54,-64,-10,1,0,0
-56,-64,-10,1,0,0
-58,-64,-10,0,1,374
-28,-62,-10,1,0,0
-30,-62,-10,1,0,0
-32,-62,-10,1,0,0
-34,-62,-10,1,0,0
-36,-62,-10,1,0,0
-42,-62,-10,1,0,0
-44,-62,-10,1,0,0
-46,-62,-10,1,0,0
-48,-62,-10,1,0,0
-50,-62,-10,1,0,0
-52,-62,-10,1,0,0
-54,-62,-10,1,0,0
-56,-62,-10,1,0,0
-58,-62,-10,1,0,0
-60,-62,-10,0,1,374
-26,-60,-10,1,0,0
-28,-60,-10,1,0,0
-30,-60,-10,1,0,0
-32,-60,-10,1,0,0
-34,-60,-10,1,0,0
-36,-60,-10,1,0,0
-42,-60,-10,1,0,0
-44,-60,-10,1,0,0
-46,-60,-10,1,0,0
-48,-60,-10,1,0,0
-50,-60,-10,1,0,0
-52,-60,-10,1,0,0
-54,-60,-10,1,0,0
-56,-60,-10,1,0,0
-58,-60,-10,1,0,0
-60,-60,-10,1,0,0
-62,-60,-10,0,1,370
-26,-58,-10,1,0,0
-28,-58,-10,1,0,0
-30,-58,-10,1,0,0
-32,-58,-10,1,0,0
-34,-58,-10,1,0,0
-36,-58,-10,1,0,0
-38,-58,-10,1,0,0
-42,-58,-10,1,0,0
-44,-58,-10,1,0,0
-46,-58,-10,1,0,0
-48,-58,-10,1,0,0
-50,-58,-10,1,0,0
-52,-58,-10,1,0,0
-54,-58,-10,1,0,0
-56,-58,-10,1,0,0
-58,-58,-10,1,0,0
-60,-58,-10,1,0,0
-62,-58,-10,1,0,0
-64,-58,-10,0,1,351
-26,-56,-10,1,0,0
-28,-56,-10,1,0,0
-30,-56,-10,1,0,0
-32,-56,-10,1,0,0
-34,-56,-10,1,0,0
-36,-56,-10,1,0,0
-38,-56,-10,1,0,0
-40,-56,-10,1,0,0
-42,-56,-10,1,0,0
-44,-56,-10,1,0,0
-46,-56,-10,1,0,0
-48,-56,-10,1,0,0
-50,-56,-10,1,0,0
-52,-56,-10,1,0,0
-54,-56,-10,1,0,0
-56,-56,-10,1,0,0
-58,-56,-10,1,0,0
-60,-56,-10,1,0,0
-62,-56,-10,1,0,0
-26,-54,-10,1,0,0
-28,-54,-10,1,0,0
-30,-54,-10,1,0,0
-32,-54,-10,1,0,0
-34,-54,-10,1,0,0
-36,-54,-10,1,0,0
-38,-54,-10,1,0,0
-40,-54,-10,1,0,0
-42,-54,-10,1,0,0
-44,-54,-10,1,0,0
-46,-54,-10,1,0,0
-48,-54,-10,1,0,0
-50,-54,-10,1,0,0
-52,-54,-10,1,0,0
-54,-54,-10,1,0,0
-56,-54,-10,1,0,0
-58,-54,-10,1,0,0
-60,-54,-10,1,0,0
-62,-54,-10,1,0,0
-26,-52,-10,1,0,0
-28,-52,-10,1,0,0
-30,-52,-10,1,0,0
-32,-52,-10,1,0,0
-34,-52,-10,1,0,0
-36,-52,-10,1,0,0
-38,-52,-10,1,0,0
-40,-52,-10,1,0,0
-42,-52,-10,1,0,0
-44,-52,-10,1,0,0
-46,-52,-10,1,0,0
-48,-52,-10,1,0,0
-50,-52,-10,1,0,0
-52,-52,-10,1,0,0
-54,-52,-10,1,0,0
-56,-52,-10,1,0,0
-58,-52,-10,1,0,0
-24,-50,-10,1,0,0
-26,-50,-10,1,0,0
-28,-50,-10,1,0,0
-30,-50,-10,1,0,0
-32,-50,-10,1,0,0
-34,-50,-10,1,0,0
-36,-50,-10,1,0,0
-38,-50,-10,1,0,0
-40,-50,-10,1,0,0
-42,-50,-10,1,0,0
-44,-50,-10,1,0,0
-46,-50,-10,1,0,0
-48,-50,-10,1,0,0
-50,-50,-10,1,0,0
-52,-50,-10,1,0,0
-54,-50,-10,1,0,0
-56,-50,-10,1,0,0
-26,-48,-10,1,0,0
-28,-48,-10,1,0,0
-30,-48,-10,1,0,0
-32,-48,-10,1,0,0
-34,-48,-10,1,0,0
-36,-48,-10,1,0,0
-38,-48,-10,1,0,0
-40,-48,-10,1,0,0
-42,-48,-10,1,0,0
-44,-48,-10,1,0,0
-46,-48,-10,1,0,0
-48,-48,-10,1,0,0
-50,-48,-10,1,0,0
-52,-48,-10,1,0,0
-54,-48,-10,1,0,0
-26,-46,-10,1,0,0
-28,-46,-10,1,0,0
-30,-46,-10,1,0,0
-32,-46,-10,1,0,0
-34,-46,-10,1,0,0
-36,-46,-10,1,0,0
-38,-46,-10,1,0,0
-40,-46,-10,1,0,0
-42,-46,-10,1,0,0
-44,-46,-10,1,0,0
-46,-46,-10,1,0,0
-48,-46,-10,1,0,0
-50,-46,-10,1,0,0
-52,-46,-10,1,0,0
-28,-44,-10,1,0,0
-30,-44,-10,1,0,0
-34,-44,-10,1,0,0
-36,-44,-10,1,0,0
-40,-44,-10,1,0,0
-48,-44,-10,1,0,0
-50,-44,-10,1,0,0
-24,-76,-8,1,0,0
-26,-76,-8,1,0,0
-24,-74,-8,1,0,0
-26,-74,-8,1,0,0
-28,-74,-8,1,0,0
-24,-72,-8,1,0,0
-26,-72,-8,1,0,0
-28,-72,-8,1,0,0
-30,-72,-8,1,0,0
-24,-70,-8,1,0,0
-26,-70,-8,1,0,0
-28,-70,-8,1,0,0
-30,-70,-8,1,0,0
-32,-70,-8,1,0,0
-26,-68,-8,1,0,0
-28,-68,-8,1,0,0
-30,-68,-8,1,0,0
-32,-68,-8,1,0,0
-46,-68,-8,1,0,0
-48,-68,-8,1,0,0
-50,-68,-8,1,0,0
-52,-68,-8,1,0,0
-54,-68,-8,1,0,0
-28,-66,-8,1,0,0
-30,-66,-8,1,0,0
-32,-66,-8,1,0,0
-44,-66,-8,1,0,0
-46,-66,-8,1,0,0
-48,-66,-8,1,0,0
-50,-66,-8,1,0,0
-52,-66,-8,1,0,0
-54,-66,-8,1,0,0
-56,-66,-8,1,0,0
-28,-64,-8,1,0,0
-30,-64,-8,1,0,0
-32,-64,-8,1,0,0
-34,-64,-8,1,0,0
-42,-64,-8,1,0,0
-44,-64,-8,1,0,0
-46,-64,-8,1,0,0
-48,-64,-8,1,0,0
-50,-64,-8,1,0,0
-52,-64,-8,1,0,0
-54,-64,-8,1,0,0
-56,-64,-8,1,0,0
-58,-64,-8,1,0,0
-26,-62,-8,1,0,0
-28,-62,-8,1,0,0
-30,-62,-8,1,0,0
-32,-62,-8,1,0,0
-34,-62,-8,1,0,0
-42,-62,-8,1,0,0
-44,-62,-8,1,0,0
-46,-62,-8,1,0,0
-48,-62,-8,1,0,0
-50,-62,-8,1,0,0
-52,-62,-8,1,0,0
-54,-62,-8,1,0,0
-56,-62,-8,1,0,0
-58,-62,-8,1,0,0
-60,-62,-8,0,1,374
-26,-60,-8,1,0,0
-28,-60,-8,1,0,0
-30,-60,-8,1,0,0
-32,-60,-8,1,0,0
-34,-60,-8,1,0,0
-42,-60,-8,1,0,0
-44,-60,-8,1,0,0
-46,-60,-8,1,0,0
-48,-60,-8,1,0,0
-50,-60,-8,1,0,0
-52,-60,-8,1,0,0
-54,-60,-8,1,0,0
-56,-60,-8,1,0,0
-58,-60,-8,1,0,0
-60,-60,-8,1,0,0
-62,-60,-8,0,1,373
-26,-58,-8,1,0,0
-28,-58,-8,1,0,0
-30,-58,-8,1,0,0
-32,-58,-8,1,0,0
-34,-58,-8,1,0,0
-42,-58,-8,1,0,0
-44,-58,-8,1,0,0
-46,-58,-8,1,0,0
-48,-58,-8,1,0,0
-50,-58,-8,1,0,0
-52,-58,-8,1,0,0
-54,-58,-8,1,0,0
-56,-58,-8,1,0,0
-58,-58,-8,1,0,0
-60,-58,-8,1,0,0
-62,-58,-8,1,0,0
-64,-58,-8,0,1,360
-28,-56,-8,1,0,0
-30,-56,-8,1,0,0
-32,-56,-8,1,0,0
-42,-56,-8,1,0,0
-44,-56,-8,1,0,0
-46,-56,-8,1,0,0
-48,-56,-8,1,0,0
-50,-56,-8,1,0,0
-52,-56,-8,1,0,0
-54,-56,-8,1,0,0
-56,-56,-8,1,0,0
-58,-56,-8,1,0,0
-60,-56,-8,1,0,0
-62,-56,-8,1,0,0
-28,-54,-8,1,0,0
-30,-54,-8,1,0,0
-32,-54,-8,1,0,0
-42,-54,-8,1,0,0
-44,-54,-8,1,0,0
-46,-54,-8,1,0,0
-48,-54,-8,1,0,0
-50,-54,-8,1,0,0
-52,-54,-8,1,0,0
-54,-54,-8,1,0,0
-56,-54,-8,1,0,0
-58,-54,-8,1,0,0
-60,-54,-8,1,0,0
-28,-52,-8,1,0,0
-30,-52,-8,1,0,0
-32,-52,-8,1,0,0
-42,-52,-8,1,0,0
-44,-52,-8,1,0,0
-46,-52,-8,1,0,0
-48,-52,-8,1,0,0
-50,-52,-8,1,0,0
-52,-52,-8,1,0,0
-54,-52,-8,1,0,0
-56,-52,-8,1,0,0
-58,-52,-8,1,0,0
-28,-50,-8,1,0,0
-30,-50,-8,1,0,0
-32,-50,-8,1,0,0
-42,-50,-8,1,0,0
-44,-50,-8,1,0,0
-48,-50,-8,1,0,0
-50,-50,-8,1,0,0
-52,-50,-8,1,0,0
-54,-50,-8,1,0,0
-28,-48,-8,1,0,0
-30,-48,-8,1,0,0
-32,-48,-8,1,0,0
-34,-48,-8,1,0,0
-50,-48,-8,1,0,0
-52,-48,-8,1,0,0
-28,-46,-8,1,0,0
-30,-46,-8,1,0,0
-32,-46,-8,1,0,0
-50,-46,-8,1,0,0
-22,-76,-6,1,0,0
-24,-76,-6,1,0,0
-24,-74,-6,1,0,0
-26,-74,-6,1,0,0
-24,-72,-6,1,0,0
-26,-72,-6,1,0,0
-24,-70,-6,1,0,0
-26,-70,-6,1,0,0
-28,-70,-6,1,0,0
-26,-68,-6,1,0,0
-28,-68,-6,1,0,0
-30,-68,-6,1,0,0
-46,-68,-6,1,0,0
-48,-68,-6,1,0,0
-50,-68,-6,1,0,0
-52,-68,-6,1,0,0
-28,-66,-6,1,0,0
-30,-66,-6,1,0,0
-44,-66,-6,1,0,0
-46,-66,-6,1,0,0
-48,-66,-6,1,0,0
-50,-66,-6,1,0,0
-52,-66,-6,1,0,0
-54,-66,-6,1,0,0
-56,-66,-6,1,0,0
-28,-64,-6,1,0,0
-30,-64,-6,1,0,0
-44,-64,-6,1,0,0
-46,-64,-6,1,0,0
-48,-64,-6,1,0,0
-50,-64,-6,1,0,0
-52,-64,-6,1,0,0
-54,-64,-6,1,0,0
-56,-64,-6,1,0,0
-58,-64,-6,1,0,0
-28,-62,-6,1,0,0
-30,-62,-6,1,0,0
-42,-62,-6,1,0,0
-44,-62,-6,1,0,0
-46,-62,-6,1,0,0
-48,-62,-6,1,0,0
-50,-62,-6,1,0,0
-52,-62,-6,1,0,0
-54,-62,-6,1,0,0
-56,-62,-6,1,0,0
-58,-62,-6,1,0,0
-60,-62,-6,1,0,0
-28,-60,-6,1,0,0
-30,-60,-6,1,0,0
-42,-60,-6,1,0,0
-44,-60,-6,1,0,0
-46,-60,-6,1,0,0
-48,-60,-6,1,0,0
-50,-60,-6,1,0,0
-52,-60,-6,1,0,0
-54,-60,-6,1,0,0
-56,-60,-6,1,0,0
-58,-60,-6,1,0,0
-60,-60,-6,1,0,0
-62,-60,-6,1,0,0
-28,-58,-6,1,0,0
-30,-58,-6,1,0,0
-44,-58,-6,1,0,0
-46,-58,-6,1,0,0
-48,-58,-6,1,0,0
-50,-58,-6,1,0,0
-52,-58,-6,1,0,0
-54,-58,-6,1,0,0
-56,-58,-6,1,0,0
-58,-58,-6,1,0,0
-60,-58,-6,1,0,0
-62,-58,-6,1,0,0
-64,-58,-6,0,1,363
-30,-56,-6,1,0,0
-46,-56,-6,1,0,0
-48,-56,-6,1,0,0
-50,-56,-6,1,0,0
-52,-56,-6,1,0,0
-54,-56,-6,1,0,0
-56,-56,-6,1,0,0
-58,-56,-6,1,0,0
-60,-56,-6,1,0,0
-62,-56,-6,1,0,0
-30,-54,-6,1,0,0
-32,-54,-6,1,0,0
-46,-54,-6,1,0,0
-48,-54,-6,1,0,0
-50,-54,-6,1,0,0
-52,-54,-6,1,0,0
-54,-54,-6,1,0,0
-56,-54,-6,1,0,0
-58,-54,-6,1,0,0
-60,-54,-6,1,0,0
-32,-52,-6,1,0,0
-48,-52,-6,1,0,0
-50,-52,-6,1,0,0
-52,-52,-6,1,0,0
-54,-52,-6,1,0,0
-56,-52,-6,1,0,0
-58,-52,-6,1,0,0
-32,-50,-6,1,0,0
-50,-50,-6,1,0,0
-52,-50,-6,1,0,0
-54,-50,-6,1,0,0
-34,-48,-6,1,0,0
-50,-48,-6,1,0,0
-52,-48,-6,1,0,0
-50,-46,-6,1,0,0
-24,-76,-4,1,0,0
-26,-74,-4,1,0,0
-26,-72,-4,1,0,0
-28,-70,-4,1,0,0
-30,-68,-4,1,0,0
-30,-66,-4,1,0,0
-30,-64,-4,1,0,0
-30,-62,-4,1,0,0
-30,-60,-4,1,0,0
-30,-58,-4,1,0,0
-30,-56,-4,1,0,0
-30,-54,-4,1,0,0
-32,-54,-4,1,0,0
-32,-52,-4,1,0,0
-32,-50,-4,1,0,0
