unique_id,include95,include90,include85,include80,include75,include70,include65,include60
ds001486_sub-0004,3,5,6,6,6,6,6,6
ds001486_sub-0005,6,6,6,6,6,6,6,6
ds001486_sub-0006,3,3,4,4,5,5,6,6
ds001486_sub-0007,6,6,6,6,6,6,6,6
ds001486_sub-0008,5,6,6,6,6,6,6,6
ds001486_sub-0009,6,6,6,6,6,6,6,6
ds001486_sub-0010,6,6,6,6,6,6,6,6
ds001486_sub-0012,2,3,4,4,5,6,6,6
ds001486_sub-0013,5,5,5,6,6,6,6,6
ds001486_sub-0014,2,3,4,4,5,6,6,6
ds001486_sub-0015,6,6,6,6,6,6,6,6
ds001486_sub-0016,6,6,6,6,6,6,6,6
ds001486_sub-0017,5,6,6,6,6,6,6,6
ds001486_sub-0018,6,6,6,6,6,6,6,6
ds001486_sub-0019,1,2,3,4,5,6,6,6
ds001486_sub-0021,5,6,6,6,6,6,6,6
ds001486_sub-0022,5,6,6,6,6,6,6,6
ds001486_sub-0023,6,6,6,6,6,6,6,6
ds001486_sub-0024,2,4,6,6,6,6,6,6
ds001486_sub-0025,4,5,6,6,6,6,6,6
ds001486_sub-0026,4,6,6,6,6,6,6,6
ds001486_sub-0027,6,6,6,6,6,6,6,6
ds001486_sub-0028,6,6,6,6,6,6,6,6
ds001486_sub-0029,6,6,6,6,6,6,6,6
ds001486_sub-0030,3,6,6,6,6,6,6,6
ds001486_sub-0031,3,5,6,6,6,6,6,6
ds001486_sub-0032,6,6,6,6,6,6,6,6
ds001486_sub-0033,4,4,6,6,6,6,6,6
ds001486_sub-0034,6,6,6,6,6,6,6,6
ds001486_sub-0035,1,2,4,6,6,6,6,6
ds001486_sub-0036,5,5,5,5,5,5,5,5
ds001486_sub-0038,3,6,6,6,6,6,6,6
ds001486_sub-0039,3,5,6,6,6,6,6,6
ds001486_sub-0040,2,6,6,6,6,6,6,6
ds001486_sub-0041,2,6,6,6,6,6,6,6
ds001486_sub-0042,3,3,4,6,6,6,6,6
ds001486_sub-0043,3,4,5,6,6,6,6,6
ds001486_sub-0044,6,6,6,6,6,6,6,6
ds001486_sub-0045,5,6,6,6,6,6,6,6
ds001486_sub-0046,3,6,6,6,6,6,6,6
ds001486_sub-0047,6,6,6,6,6,6,6,6
ds001486_sub-0048,6,6,6,6,6,6,6,6
ds001486_sub-0049,6,6,6,6,6,6,6,6
ds001486_sub-0050,5,6,6,6,6,6,6,6
ds001486_sub-0052,6,6,6,6,6,6,6,6
ds001486_sub-0053,3,5,6,6,6,6,6,6
ds001486_sub-0054,2,5,6,6,6,6,6,6
ds001486_sub-0055,2,5,6,6,6,6,6,6
ds001486_sub-0056,5,6,6,6,6,6,6,6
ds001486_sub-0057,6,6,6,6,6,6,6,6
ds001486_sub-0059,6,6,6,6,6,6,6,6
ds001486_sub-0060,5,5,6,6,6,6,6,6
ds001486_sub-0061,5,6,6,6,6,6,6,6
ds001486_sub-0062,6,6,6,6,6,6,6,6
ds001486_sub-0063,4,6,6,6,6,6,6,6
ds001486_sub-0064,6,6,6,6,6,6,6,6
ds001486_sub-0065,6,6,6,6,6,6,6,6
ds001486_sub-0066,6,6,6,6,6,6,6,6
ds001486_sub-0067,2,5,6,6,6,6,6,6
ds001486_sub-0068,2,3,4,4,4,4,5,5
ds001486_sub-0069,2,4,6,6,6,6,6,6
ds001486_sub-0070,3,5,5,5,6,6,6,6
ds001486_sub-0071,6,6,6,6,6,6,6,6
ds001486_sub-0072,6,6,6,6,6,6,6,6
ds001486_sub-0073,6,6,6,6,6,6,6,6
ds001486_sub-0074,3,6,6,6,6,6,6,6
ds001486_sub-0075,3,6,6,6,6,6,6,6
ds001486_sub-0076,3,4,6,6,6,6,6,6
ds001486_sub-0077,6,6,6,6,6,6,6,6
ds001486_sub-0078,2,4,6,6,6,6,6,6
ds001486_sub-0079,5,6,6,6,6,6,6,6
ds001486_sub-0081,4,6,6,6,6,6,6,6
ds001486_sub-0082,6,6,6,6,6,6,6,6
ds001486_sub-0083,3,4,6,6,6,6,6,6
ds001486_sub-0085,6,6,6,6,6,6,6,6
ds001486_sub-0086,6,6,6,6,6,6,6,6
ds001486_sub-0087,2,3,4,6,6,6,6,6
ds001486_sub-0088,4,5,6,6,6,6,6,6
ds001486_sub-0089,3,5,6,6,6,6,6,6
ds001486_sub-0090,5,6,6,6,6,6,6,6
ds001486_sub-0091,6,6,6,6,6,6,6,6
ds001486_sub-0093,6,6,6,6,6,6,6,6
ds001486_sub-0094,6,6,6,6,6,6,6,6
ds001486_sub-0095,6,6,6,6,6,6,6,6
ds001486_sub-0096,5,6,6,6,6,6,6,6
ds001486_sub-0097,6,6,6,6,6,6,6,6
ds001486_sub-0098,2,5,5,5,6,6,6,6
ds001486_sub-0100,3,6,6,6,6,6,6,6
ds001486_sub-0101,5,6,6,6,6,6,6,6
ds001486_sub-0102,5,5,6,6,6,6,6,6
ds001486_sub-0103,6,6,6,6,6,6,6,6
ds001486_sub-0104,6,6,6,6,6,6,6,6
ds001486_sub-0105,4,4,5,6,6,6,6,6
ds001486_sub-0106,6,6,6,6,6,6,6,6
ds001486_sub-0108,6,6,6,6,6,6,6,6
ds001486_sub-0109,6,6,6,6,6,6,6,6
ds001486_sub-0110,6,6,6,6,6,6,6,6
ds001486_sub-0112,6,6,6,6,6,6,6,6
ds001486_sub-0113,6,6,6,6,6,6,6,6
ds001486_sub-0115,4,5,6,6,6,6,6,6
ds001486_sub-0116,6,6,6,6,6,6,6,6
ds001486_sub-0117,3,4,4,6,6,6,6,6
ds001486_sub-0118,4,6,6,6,6,6,6,6
ds001486_sub-0119,6,6,6,6,6,6,6,6
ds001486_sub-0120,2,3,3,4,4,5,5,6
ds001486_sub-0122,6,6,6,6,6,6,6,6
ds001486_sub-0123,6,6,6,6,6,6,6,6
ds001486_sub-0124,6,6,6,6,6,6,6,6
ds001486_sub-0125,2,4,5,6,6,6,6,6
ds001486_sub-0126,6,6,6,6,6,6,6,6
ds001486_sub-0127,1,4,4,4,4,5,5,5
ds001486_sub-0128,6,6,6,6,6,6,6,6
ds001486_sub-0129,6,6,6,6,6,6,6,6
ds001486_sub-0130,6,6,6,6,6,6,6,6
ds001486_sub-0131,6,6,6,6,6,6,6,6
ds001486_sub-0132,6,6,6,6,6,6,6,6
ds001894_sub-0001,5,6,6,6,6,6,6,6
ds001894_sub-0002,6,6,6,6,6,6,6,6
ds001894_sub-0003,6,6,6,6,6,6,6,6
ds001894_sub-0004,3,4,5,5,6,6,6,6
ds001894_sub-0006,6,6,6,6,6,6,6,6
ds001894_sub-0007,6,6,6,6,6,6,6,6
ds001894_sub-0008,5,6,6,6,6,6,6,6
ds001894_sub-0009,2,3,4,5,5,6,6,6
ds001894_sub-0010,3,4,5,5,6,6,6,6
ds001894_sub-0011,3,5,6,6,6,6,6,6
ds001894_sub-0012,6,6,6,6,6,6,6,6
ds001894_sub-0013,6,6,6,6,6,6,6,6
ds001894_sub-0014,2,3,6,6,6,6,6,6
ds001894_sub-0016,6,6,6,6,6,6,6,6
ds001894_sub-0017,5,6,6,6,6,6,6,6
ds001894_sub-0018,4,6,6,6,6,6,6,6
ds001894_sub-0019,3,4,6,6,6,6,6,6
ds001894_sub-0020,4,4,5,6,6,6,6,6
ds001894_sub-0021,1,2,3,4,4,5,5,5
ds001894_sub-0022,6,6,6,6,6,6,6,6
ds001894_sub-0023,4,6,6,6,6,6,6,6
ds001894_sub-0025,6,6,6,6,6,6,6,6
ds001894_sub-0026,5,5,6,6,6,6,6,6
ds001894_sub-0027,4,5,6,6,6,6,6,6
ds001894_sub-0029,5,6,6,6,6,6,6,6
ds001894_sub-0030,6,6,6,6,6,6,6,6
ds001894_sub-0032,4,6,6,6,6,6,6,6
ds001894_sub-0035,5,6,6,6,6,6,6,6
ds001894_sub-0036,6,6,6,6,6,6,6,6
ds001894_sub-0037,5,6,6,6,6,6,6,6
ds001894_sub-0038,3,4,4,5,6,6,6,6
ds001894_sub-0039,6,6,6,6,6,6,6,6
ds001894_sub-0040,4,6,6,6,6,6,6,6
ds001894_sub-0041,5,6,6,6,6,6,6,6
ds001894_sub-0043,5,6,6,6,6,6,6,6
ds001894_sub-0044,4,6,6,6,6,6,6,6
ds001894_sub-0045,2,3,6,6,6,6,6,6
ds001894_sub-0046,3,4,5,6,6,6,6,6
ds001894_sub-0048,4,6,6,6,6,6,6,6
ds001894_sub-0050,5,6,6,6,6,6,6,6
ds001894_sub-0052,4,5,5,6,6,6,6,6
ds001894_sub-0053,6,6,6,6,6,6,6,6
ds001894_sub-0054,6,6,6,6,6,6,6,6
ds001894_sub-0055,6,6,6,6,6,6,6,6
ds001894_sub-0056,6,6,6,6,6,6,6,6
ds001894_sub-0057,3,6,6,6,6,6,6,6
ds001894_sub-0058,3,4,6,6,6,6,6,6
ds001894_sub-0059,2,3,4,5,5,6,6,6
ds001894_sub-0060,6,6,6,6,6,6,6,6
ds001894_sub-0061,3,5,6,6,6,6,6,6
ds001894_sub-0062,6,6,6,6,6,6,6,6
ds001894_sub-0063,6,6,6,6,6,6,6,6
ds001894_sub-0066,4,6,6,6,6,6,6,6
ds001894_sub-0067,6,6,6,6,6,6,6,6
ds001894_sub-0068,6,6,6,6,6,6,6,6
ds001894_sub-0070,3,4,5,6,6,6,6,6
ds001894_sub-0071,5,6,6,6,6,6,6,6
ds001894_sub-0074,6,6,6,6,6,6,6,6
ds001894_sub-0075,6,6,6,6,6,6,6,6
ds001894_sub-0076,5,5,6,6,6,6,6,6
ds001894_sub-0077,2,6,6,6,6,6,6,6
ds001894_sub-0081,6,6,6,6,6,6,6,6
ds001894_sub-0082,5,5,6,6,6,6,6,6
ds001894_sub-0084,6,6,6,6,6,6,6,6
ds001894_sub-0085,6,6,6,6,6,6,6,6
ds001894_sub-0086,6,6,6,6,6,6,6,6
ds001894_sub-0087,3,4,5,5,6,6,6,6
ds001894_sub-0089,6,6,6,6,6,6,6,6
ds001894_sub-0090,6,6,6,6,6,6,6,6
ds001894_sub-0091,6,6,6,6,6,6,6,6
ds001894_sub-0093,3,6,6,6,6,6,6,6
ds001894_sub-0094,4,5,6,6,6,6,6,6
ds001894_sub-0096,2,3,5,5,6,6,6,6
ds001894_sub-0098,4,4,5,5,6,6,6,6
ds001894_sub-0100,4,4,5,5,5,5,5,5
ds001894_sub-0101,6,6,6,6,6,6,6,6
ds001894_sub-0102,6,6,6,6,6,6,6,6
ds001894_sub-0104,3,3,4,4,4,4,4,5
ds001894_sub-0108,3,4,5,6,6,6,6,6
ds001894_sub-0110,5,5,6,6,6,6,6,6
ds001894_sub-0111,6,6,6,6,6,6,6,6
ds001894_sub-0112,5,6,6,6,6,6,6,6
ds001894_sub-0115,4,6,6,6,6,6,6,6
ds001894_sub-0116,5,5,5,6,6,6,6,6
ds001894_sub-0117,4,6,6,6,6,6,6,6
ds001894_sub-0119,5,6,6,6,6,6,6,6
ds001894_sub-0120,4,6,6,6,6,6,6,6
ds001894_sub-0123,6,6,6,6,6,6,6,6
ds001894_sub-0125,3,3,4,4,5,5,6,6
ds001894_sub-0127,6,6,6,6,6,6,6,6
ds001894_sub-0128,4,6,6,6,6,6,6,6
ds001894_sub-0131,5,6,6,6,6,6,6,6
ds001894_sub-0132,6,6,6,6,6,6,6,6
ds001894_sub-0133,3,6,6,6,6,6,6,6
ds001894_sub-0134,6,6,6,6,6,6,6,6
ds001894_sub-0135,6,6,6,6,6,6,6,6
ds001894_sub-0136,4,6,6,6,6,6,6,6
ds001894_sub-0138,3,4,5,5,5,6,6,6
ds001894_sub-0139,6,6,6,6,6,6,6,6
ds001894_sub-0140,6,6,6,6,6,6,6,6
ds001894_sub-0141,6,6,6,6,6,6,6,6
ds001894_sub-0143,6,6,6,6,6,6,6,6
ds001894_sub-0144,6,6,6,6,6,6,6,6
ds001894_sub-0146,3,6,6,6,6,6,6,6
ds001894_sub-0148,4,6,6,6,6,6,6,6
ds001894_sub-0150,6,6,6,6,6,6,6,6
ds001894_sub-0152,6,6,6,6,6,6,6,6
ds001894_sub-0157,6,6,6,6,6,6,6,6
ds001894_sub-0159,6,6,6,6,6,6,6,6
ds001894_sub-0160,2,4,6,6,6,6,6,6
ds001894_sub-0161,6,6,6,6,6,6,6,6
ds001894_sub-0162,3,5,6,6,6,6,6,6
ds001894_sub-0163,6,6,6,6,6,6,6,6
ds001894_sub-0164,3,4,5,6,6,6,6,6
ds001894_sub-0165,6,6,6,6,6,6,6,6
ds001894_sub-0167,4,6,6,6,6,6,6,6
ds001894_sub-0168,6,6,6,6,6,6,6,6
ds001894_sub-0169,3,4,5,6,6,6,6,6
ds001894_sub-0170,6,6,6,6,6,6,6,6
ds001894_sub-0172,0,1,2,4,4,4,5,5
ds001894_sub-0174,3,4,5,6,6,6,6,6
ds001894_sub-0176,6,6,6,6,6,6,6,6
ds001894_sub-0177,4,5,5,5,5,5,6,6
ds001894_sub-0181,4,6,6,6,6,6,6,6
ds001894_sub-0182,6,6,6,6,6,6,6,6
ds001894_sub-0184,6,6,6,6,6,6,6,6
ds001894_sub-0185,3,4,6,6,6,6,6,6
ds001894_sub-0186,6,6,6,6,6,6,6,6
ds001894_sub-0188,6,6,6,6,6,6,6,6
ds002236_sub-0001,4,4,5,5,5,6,6,6
ds002236_sub-0002,3,6,6,6,6,6,6,6
ds002236_sub-0003,4,4,5,5,6,6,6,6
ds002236_sub-0004,1,2,2,3,3,4,5,6
ds002236_sub-0006,3,4,6,6,6,6,6,6
ds002236_sub-0007,2,3,3,4,4,4,4,5
ds002236_sub-0008,1,2,3,3,4,5,5,6
ds002236_sub-0009,2,2,3,4,4,5,6,6
ds002236_sub-0010,1,2,2,3,4,5,6,6
ds002236_sub-0012,3,4,4,4,5,6,6,6
ds002236_sub-0013,3,4,4,4,6,6,6,6
ds002236_sub-0016,3,3,4,4,4,5,6,6
ds002236_sub-0017,1,2,3,3,4,5,6,6
ds002236_sub-0019,1,2,2,2,3,3,4,4
ds002236_sub-0021,6,6,6,6,6,6,6,6
ds002236_sub-0022,5,6,6,6,6,6,6,6
ds002236_sub-0023,4,6,6,6,6,6,6,6
ds002236_sub-0024,1,2,3,4,5,6,6,6
ds002236_sub-0025,3,4,4,5,5,6,6,6
ds002236_sub-0026,3,3,4,4,4,6,6,6
ds002236_sub-0029,2,3,4,5,6,6,6,6
ds002236_sub-0031,2,3,3,4,5,6,6,6
ds002236_sub-0032,3,3,4,4,4,5,6,6
ds002236_sub-0033,1,2,3,3,3,4,5,6
ds002236_sub-0035,5,5,5,6,6,6,6,6
ds002236_sub-0036,1,2,2,3,3,4,5,5
ds002236_sub-0038,3,4,4,4,4,5,6,6
ds002236_sub-0042,1,2,3,3,4,4,5,6
ds002236_sub-0043,3,3,4,4,5,5,6,6
ds002236_sub-0044,1,2,3,3,4,5,6,6
ds002236_sub-0045,5,6,6,6,6,6,6,6
ds002236_sub-0046,2,3,4,4,6,6,6,6
ds002236_sub-0047,2,2,2,3,3,4,6,6
ds002236_sub-0048,3,6,6,6,6,6,6,6
ds002236_sub-0049,3,4,6,6,6,6,6,6
ds002236_sub-0050,2,3,3,4,6,6,6,6
ds002236_sub-0051,3,6,6,6,6,6,6,6
ds002236_sub-0052,2,3,4,6,6,6,6,6
ds002236_sub-0053,6,6,6,6,6,6,6,6
ds002236_sub-0055,2,3,5,6,6,6,6,6
ds002236_sub-0056,6,6,6,6,6,6,6,6
ds002236_sub-0057,5,6,6,6,6,6,6,6
ds002236_sub-0058,2,3,3,4,6,6,6,6
ds002236_sub-0059,4,5,6,6,6,6,6,6
ds002236_sub-0060,3,3,4,5,6,6,6,6
ds002236_sub-0061,3,4,6,6,6,6,6,6
ds002236_sub-0062,3,5,6,6,6,6,6,6
ds002236_sub-0063,3,3,4,6,6,6,6,6
ds002236_sub-0064,5,6,6,6,6,6,6,6
ds002236_sub-0065,6,6,6,6,6,6,6,6
ds002236_sub-0066,5,5,6,6,6,6,6,6
ds002236_sub-0068,3,3,3,4,4,5,5,6
ds002236_sub-0069,2,3,3,4,4,5,6,6
ds002236_sub-0071,1,2,3,3,4,4,5,6
ds002236_sub-0073,1,2,2,3,3,4,5,6
ds002236_sub-0074,2,3,3,4,5,6,6,6
ds002236_sub-0075,3,5,6,6,6,6,6,6
ds002236_sub-0076,1,2,2,2,3,3,4,4
ds002236_sub-0077,4,4,5,5,6,6,6,6
ds002236_sub-0079,0,1,5,6,6,6,6,6
ds002236_sub-0080,3,5,6,6,6,6,6,6
ds002236_sub-0081,3,3,4,6,6,6,6,6
ds002236_sub-0082,3,4,4,6,6,6,6,6
ds002236_sub-0083,6,6,6,6,6,6,6,6
ds002236_sub-0084,6,6,6,6,6,6,6,6
ds002236_sub-0090,4,5,6,6,6,6,6,6
ds006239_sub-1002,4,6,6,6,6,6,6,6
ds006239_sub-1076,5,6,6,6,6,6,6,6
ds006239_sub-1079,2,3,3,6,6,6,6,6
ds006239_sub-1080,6,6,6,6,6,6,6,6
ds006239_sub-1081,3,4,6,6,6,6,6,6
ds006239_sub-1082,2,4,6,6,6,6,6,6
ds006239_sub-1086,2,3,3,4,5,6,6,6
ds006239_sub-1089,2,3,3,4,6,6,6,6
ds006239_sub-1090,2,2,3,5,6,6,6,6
ds006239_sub-1101,1,2,6,6,6,6,6,6
ds006239_sub-1102,3,5,6,6,6,6,6,6
ds006239_sub-1103,4,6,6,6,6,6,6,6
ds006239_sub-1105,3,5,6,6,6,6,6,6
ds006239_sub-1107,2,5,6,6,6,6,6,6
ds006239_sub-1110,2,3,4,6,6,6,6,6
ds006239_sub-1111,2,5,6,6,6,6,6,6
ds006239_sub-1116,6,6,6,6,6,6,6,6
ds006239_sub-1117,6,6,6,6,6,6,6,6
ds006239_sub-1119,2,3,3,3,4,6,6,6
ds006239_sub-1122,6,6,6,6,6,6,6,6
ds006239_sub-1129,6,6,6,6,6,6,6,6
ds006239_sub-1130,2,3,4,5,6,6,6,6
ds006239_sub-1148,4,5,6,6,6,6,6,6
ds006239_sub-1156,3,4,4,5,6,6,6,6
ds006239_sub-1160,6,6,6,6,6,6,6,6
ds006239_sub-1161,3,4,6,6,6,6,6,6
ds006239_sub-1169,2,5,6,6,6,6,6,6
ds006239_sub-1178,4,6,6,6,6,6,6,6
ds006239_sub-1180,5,6,6,6,6,6,6,6
ds006239_sub-1181,2,2,4,5,5,6,6,6
ds006239_sub-1187,3,5,6,6,6,6,6,6
ds006239_sub-1190,0,3,6,6,6,6,6,6
ds006239_sub-1191,4,6,6,6,6,6,6,6
ds006239_sub-1192,4,6,6,6,6,6,6,6
ds006239_sub-1193,4,6,6,6,6,6,6,6
ds006239_sub-1194,3,5,6,6,6,6,6,6
ds006239_sub-1195,6,6,6,6,6,6,6,6
ds006239_sub-1196,3,5,6,6,6,6,6,6
ds006239_sub-1197,6,6,6,6,6,6,6,6
ds006239_sub-1198,6,6,6,6,6,6,6,6
ds006239_sub-1199,2,2,3,6,6,6,6,6
ds006239_sub-1204,6,6,6,6,6,6,6,6
ds006239_sub-1205,3,4,6,6,6,6,6,6
ds006239_sub-1206,4,6,6,6,6,6,6,6
ds006239_sub-1208,2,4,6,6,6,6,6,6
ds006239_sub-1209,6,6,6,6,6,6,6,6
ds006239_sub-1210,1,4,5,6,6,6,6,6
ds006239_sub-1211,2,4,6,6,6,6,6,6
ds006239_sub-1213,4,6,6,6,6,6,6,6
ds006239_sub-1219,3,6,6,6,6,6,6,6
ds006239_sub-1220,6,6,6,6,6,6,6,6
ds006239_sub-1223,6,6,6,6,6,6,6,6
ds006239_sub-1225,2,2,3,4,6,6,6,6
ds006239_sub-1246,6,6,6,6,6,6,6,6
ds006239_sub-1248,6,6,6,6,6,6,6,6
ds006239_sub-1250,2,2,3,6,6,6,6,6
ds006239_sub-1252,2,5,6,6,6,6,6,6
ds006239_sub-1255,3,4,6,6,6,6,6,6
ds006239_sub-1277,3,5,6,6,6,6,6,6
ds006239_sub-1278,4,6,6,6,6,6,6,6
ds006239_sub-1283,3,4,6,6,6,6,6,6
ds006239_sub-1288,2,4,6,6,6,6,6,6
ds006239_sub-1289,1,2,2,3,5,6,6,6
ds006239_sub-1291,5,6,6,6,6,6,6,6
