unique_id,dataset,participant_id,age_ses-T1_phenotype,sex,handedness,lives_with,mother_highest_grade,father_highest_grade,WJ-III_WordID_raw,WJ-III_WordID_StS,WJ-III_RF_raw,WJ-III_RF_StS,WJ-III_Calc_raw,WJ-III_Calc_StS,WJ-III_Spell_raw,WJ-III_Spell_StS,WJ-III_PassComp_raw,WJ-III_PassComp_StS,WJ-III_WA_raw,WJ-III_WA_StS,WJ-III_PV_raw,WJ-III_PV_StS,WJ-III_OralComp_raw,WJ-III_OralComp_StS,WJ-III_BR_StS,WJ-III_BRS_StS,WJ-III_AS_StS,CTOPP_EL_raw,CTOPP_EL_StS,CTOPP_BW_raw,CTOPP_BW_StS,CTOPP_MD_raw,CTOPP_MD_StS,CTOPP_NR_raw,CTOPP_NR_StS,CTOPP_RD_raw,CTOPP_RD_StS,CTOPP_RL_raw,CTOPP_RL_ScS,CTOPP_PhonAwareness _Comp,CTOPP_PhonemicMemory_Comp,CTOPP_RapidNaming _Comp,WASI_Vocab_Raw,WASI_Vocab_T-Score,WASI_Sim_Raw,WASI_Sim_T-Score,WASI_BD_Raw,WASI_BD_T-Score,WASI_MR_Raw,WASI_MR_T-Score,WASI_VIQ,WASI_PIQ,WASI_FSIQ
ds001894_sub-0001,ds001894,sub-001,10.24,female,right,Both Parents,4,3,58,110,54,112,19,105,n/a,n/a,35,114,29,116,27,109,26,109,114,114,n/a,18,12,16,11,15,11,12,10,36,9,36,10,109,103,97,45,60,29,60,31,59,30,67,116,123,122
ds001894_sub-0002,ds001894,sub-002,9.51,male,right,Both Parents,4,3,67,130,59,125,16,102,n/a,n/a,33,112,32,132,29,121,22,114,127,133,n/a,18,13,15,11,14,11,10,9,22,15,21,20,112,100,111,40,58,28,62,41,69,22,54,116,119,120
ds001894_sub-0003,ds001894,sub-003,8.73,male,right,Both Parents,2,2,47,102,25,92,14,103,25,90,23,93,27,116,26,115,21,116,96,109,98,18,13,13,10,16,13,13,14,28,14,35,12,109,121,118,41,66,29,66,33,66,25,59,128,121,128
ds001894_sub-0004,ds001894,sub-004,11.12,female,right,Both Parents,3,3,68,128,52,105,21,105,45,121,39,124,30,119,30,115,27,120,117,126,125,20,13,14,9,21,17,15,13,27,11,29.47,11,106,130,106,52,65,31,60,56,72,30,65,120,134,131
ds001894_sub-0005,ds001894,sub-005,10.16,female,right,Both Parents,5,5,62,118,60,121,15,89,42,118,33,107,28,113,28,110,23,110,107,117,114,18,12,17,12,15,11,13,11,22,15,26,14,112,106,127,43,58,26,55,8,38,22,52,109,92,101
ds001894_sub-0006,ds001894,sub-006,7.96,female,right,Both Parents,3,3,60,129,44,124,13,112,40,132,30,113,29,126,24,108,17,107,124,130,131,8,9,14,11,10,8,13,13,33.9,13,37.29,12,100,103,115,45,78,27,68,12,56,23,69,142,121,136
ds001894_sub-0007,ds001894,sub-007,9.29,male,right,Both Parents,4,4,51,105,44,108,15,99,34,106,32,109,25,110,23,98,23,116,70,70,63,19,14,13,10,15,12,13,12,30,12,45,8,112,112,100,38,59,32,71,42,72,28,68,126,137,136
ds001894_sub-0008,ds001894,sub-008,11.23,male,right,n/a,n/a,n/a,66,120,56,109,21,100,49,128,32,98,30,117,30,112,25,112,114,121,124,20,13,19,14,11,7,13,11,30,10,31,10,121,94,100,45,55,31,60,8,36,21,48,111,88,100
ds001894_sub-0009,ds001894,sub-009,11.77,male,right,Mother,3,2,64,115,43,92,27,120,38,103,38,118,29,113,31,115,27,116,111,113,114,19,13,18,14,17,13,14,12,31,9,33,9,121,115,94,56,67,33,61,50,65,31,65,123,127,128
ds001894_sub-0010,ds001894,sub-010,12.83,male,right,Both Parents,3,3,60,99,59,103,22,96,41,105,35,102,28,107,34,118,24,102,102,103,100,19,12,16,11,12,8,13,10,27,9,26,11,109,94,100,43,46,35,60,58,66,26,52,105,115,110
ds001894_sub-0011,ds001894,sub-011,13.14,female,right,Both Parents,5,5,55,108,40,102,24,130,37,110,34,113,28,106,26,105,20,104,122,114,125,20,13,13,9,14,10,15,12,23,11,28,10,106,106,103,56,62,40,70,59,66,34,67,128,129,133
ds001894_sub-0012,ds001894,sub-012,12.33,female,right,Both Parents,1,1,63,109,39,86,12,70,29,82,30,91,26,103,29,105,27,114,94,107,89,17,10,19,14,20,16,17,15,46.04,4,48.69,5,112,133,67,44,49,30,71,29,49,22,46,116,96,107
ds001894_sub-0013,ds001894,sub-013,9.68,female,right,Both Parents,4,3,50,99,41,102,17,104,32,97,32,107,21,101,25,105,19,103,102,100,100,15,10,12,9,11,8,6,6,39,9,40,9,97,82,94,43,61,31,66,12,44,22,53,122,98,110
ds001894_sub-0014,ds001894,sub-014,10.45,female,right,Both Parents,3,2,60,113,61,120,23,117,44,120,33,106,28,113,28,112,24,114,115,113,122,19,13,17,11,19,15,15,13,23,14,22,17,112,124,133,52,68,29,59,37,62,28,62,122,120,125
ds001894_sub-0015,ds001894,sub-015,11.08,male,right,Both Parents,4,4,64,118,71,129,22,108,49,131,34,106,30,119,36,135,25,114,121,119,124,19,13,14,9,14,11,11,9,29,11,28,13,106,100,112,n/a,n/a,n/a,n/a,n/a,n/a,n/a,n/a,130,134,136
ds001894_sub-0016,ds001894,sub-016,13.62,male,right,Both Parents,5,5,63,102,89,122,35,132,50,125,38,111,30,114,32,110,29,116,116,107,123,20,13,11,8,17,13,17,14,20,13,24,11,103,121,112,65,72,44,76,56,63,31,61,144,120,137
ds001894_sub-0017,ds001894,sub-017,13.64,female,right,Both Parents,4,4,65,107,72,115,30,118,38,97,38,111,23,95,33,113,30,120,112,98,106,18,11,16,11,11,7,13,10,25,10,27,11,106,91,103,51,62,43,74,69,72,31,61,132,129,135
ds001894_sub-0018,ds001894,sub-018,14.38,male,right,Both Parents,4,4,68,124,62,108,29,122,49,127,40,122,26,104,34,121,30,124,110,104,116,20,13,13,9,17,13,12,10,29,10,29,11,103,109,103,60,73,40,75,56,69,13,59,144,125,139
ds001894_sub-0019,ds001894,sub-019,10.03,female,right,Both Parents,4,4,57,110,52,111,21,114,35,101,33,109,21,100,30,121,23,114,112,104,111,16,11,17,13,14,11,13,12,39,9,42,9,112,109,94,50,73,34,73,30,60,26,62,142,119,134
ds001894_sub-0020,ds001894,sub-020,11.92,male,right,Both Parents,3,5,57,100,41,88,22,102,37,100,29,90,19,94,26,97,21,98,92,94,98,14,8,15,10,14,10,9,8,54,5,64,4,94,94,55,43,51,35,65,29,52,9,48,115,101,109
ds001894_sub-0021,ds001894,sub-021,10.21,male,right,Both Parents,4,3,65,124,45,103,27,133,43,119,33,108,31,126,28,113,16,91,117,128,134,20,14,18,13,18,14,16,14,23.33,14,30.34,12,121,124,118,46,62,29,60,39,65,28,63,118,125,124
ds001894_sub-0022,ds001894,sub-022,10.65,female,right,Both Parents,5,5,62,116,57,113,25,122,37,104,32,101,26,107,28,110,21,104,113,111,117,18,12,11,8,15,11,14,12,29,11,39,9,100,109,100,45,58,31,63,30,57,23,52,117,106,113
ds001894_sub-0023,ds001894,sub-023,10.64,female,right,n/a,n/a,n/a,51,96,44,98,15,90,34,97,30,97,18,95,n/a,n/a,24,113,97,95,95,14,10,14,10,13,10,15,14,26,13,30,13,100,112,118,35,49,28,60,7,38,20,50,107,90,99
ds001894_sub-0024,ds001894,sub-024,7.5,male,right,Both Parents,5,5,49,122,32,114,10,105,27,115,30,127,21,117,24,116,19,119,119,119,116,15,12,9,9,17,15,10,10,49,9,55,9,97,105,94,34,62,27,70,10,51,24,68,128,116,125
ds001894_sub-0025,ds001894,sub-025,12.33,female,right,Both Parents,5,4,61,105,49,95,24,106,41,108,36,108,29,112,27,99,26,111,103,107,105,15,8,15,10,13,9,14,12,21,13,33,8,94,103,103,60,70,38,47,54,65,28,58,113,119,118
ds001894_sub-0026,ds001894,sub-026,10.79,female,right,Mother,4,2,56,103,56,112,25,121,39,108,32,101,21,98,28,110,24,112,106,99,112,15,9,12,8,8,4,12,10,33,10,34,10,91,82,100,43,55,32,64,36,60,27,59,115,116,117
ds001894_sub-0027,ds001894,sub-027,10.8,female,right,Mother,5,n/a,73,143,61,118,26,124,50,134,34,108,31,125,31,120,27,121,131,137,146,20,14,16,11,15,11,16,14,25,13,27,13,115,115,118,63,79,37,61,34,68,25,55,136,119,132
ds001894_sub-0028,ds001894,sub-028,9.09,female,right,Both Parents,4,4,55,112,44,107,18,114,38,114,30,105,28,117,28,120,24,123,111,117,118,18,13,11,9,13,10,16,15,40,9,42,9,106,115,94,53,79,36,67,27,61,27,66,142,124,138
ds001894_sub-0029,ds001894,sub-029,9.09,male,right,Both Parents,4,4,55,112,62,132,17,111,43,125,31,108,28,117,27,116,24,123,117,117,121,18,13,13,10,12,9,12,11,28,13,33,11,109,100,112,52,77,33,64,22,53,24,60,137,109,126
ds001894_sub-0030,ds001894,sub-030,10.87,male,right,Both Parents,4,3,61,113,61,118,18,97,35,99,34,108,27,109,24,96,23,109,115,111,103,17,11,19,14,13,9,13,11,24,13,28,13,115,103,118,40,51,28,56,61,77,26,57,106,131,119
ds001894_sub-0031,ds001894,sub-031,7.68,male,right,Both Parents,4,3,38,104,24,104,10,102,23,101,18,94,14,106,20,100,15,104,100,105,101,11,10,9,9,11,9,12,12,41,10,45,10,97,103,100,32,58,19,54,20,60,16,53,109,109,111
ds001894_sub-0032,ds001894,sub-032,9.14,male,right,Mother,3,4,56,113,45,110,12,92,39,116,27,97,30,123,23,101,14,91,108,121,111,17,12,8,7,11,8,14,13,40,9,45,8,97,103,91,36,56,25,58,28,61,22,56,110,114,114
ds001894_sub-0033,ds001894,sub-033,11.52,male,right,Both Parents,4,2,61,110,64,117,28,125,45,120,32,98,26,105,28,106,25,112,112,108,123,19,12,12,8,12,8,15,13,21,14,32,10,100,103,112,57,70,34,65,43,62,23,51,131,109,123
ds001894_sub-0034,ds001894,sub-034,9.14,female,right,Mother,3,4,49,101,29,93,9,81,31,98,24,92,18,99,25,108,15,94,96,100,95,18,13,10,8,8,5,12,11,41,8,64,6,108,88,82,35,54,25,58,8,41,20,53,109,95,102
ds001894_sub-0035,ds001894,sub-035,8.93,female,right,Mother,3,3,42,94,34,100,11,91,29,97,23,92,23,108,24,106,18,105,94,99,94,13,10,14,10,11,8,14,13,46,8,55,8,100,103,91,34,55,27,63,24,58,21,57,114,111,115
ds001894_sub-0036,ds001894,sub-036,10.19,female,right,Both Parents,5,3,65,124,50,108,23,120,44,121,34,111,29,117,34,134,26,122,115,122,128,20,14,18,13,18,14,15,13,25,13,27,13,121,121,118,52,71,32,66,30,58,28,63,133,118,128
ds001894_sub-0037,ds001894,sub-037,11.07,male,right,Both Parents,5,2,57,103,49,101,16,90,33,94,29,93,23,100,28,108,24,111,100,102,97,17,12,14,9,13,9,15,13,28,11,36,9,103,106,103,48,60,33,64,24,50,21,48,119,98,109
ds001894_sub-0038,ds001894,sub-038,11.26,male,right,Both Parents,4,5,62,113,52,104,29,130,40,109,29,93,26,106,22,88,22,104,104,110,121,20,13,16,11,14,10,10,8,21,14,23,15,112,94,127,43,53,26,50,29,54,29,63,102,114,108
ds001894_sub-0039,ds001894,sub-039,10.3,male,right,Both Parents,5,4,57,108,51,103,23,118,36,102,31,100,19,97,26,105,25,118,104,102,111,17,11,8,6,18,14,8,7,33,10,35,10,91,103,100,46,62,34,70,61,79,29,65,128,141,138
ds001894_sub-0040,ds001894,sub-040,11.48,male,right,Mother,3,1,53,95,60,112,22,105,40,108,32,98,21,97,30,113,23,106,104,96,102,16,9,10,7,20,16,11,9,23,13,29,11,88,115,112,50,61,37,71,42,61,25,54,128,111,123
ds001894_sub-0041,ds001894,sub-041,10.01,male,right,Both Parents,4,4,53,102,37,95,18,104,29,90,33,109,29,117,30,121,28,129,101,110,98,19,18,17,12,10,6,12,10,44,7,42,8,115,88,85,47,63,26,55,45,69,26,59,114,125,122
ds001894_sub-0042,ds001894,sub-042,8.21,male,right,Both Parents,3,3,48,111,24,97,14,112,21,89,27,106,19,107,30,134,22,124,106,110,104,18,14,16,12,14,11,8,8,34,11,34,12,118,97,109,33,57,25,63,12,51,22,61,116,109,114
ds001894_sub-0043,ds001894,sub-043,12.55,female,right,Both Parents,4,5,60,101,56,102,25,108,38,100,36,107,22,96,26,95,23,101,103,98,104,14,8,14,9,17,13,12,10,27,10,35,8,91,109,94,42,47,34,52,8,32,25,52,99,88,92
ds001894_sub-0044,ds001894,sub-044,12.46,female,right,Both Parents,3,3,62,106,67,116,24,106,40,105,31,93,29,112,26,95,22,99,109,110,108,18,11,17,12,17,13,9,8,15,18,19,18,109,103,148,36,40,24,40,26,47,29,60,86,105,94
ds001894_sub-0045,ds001894,sub-045,12.12,female,right,Mother,4,3,57,98,37,85,23,105,40,106,36,109,25,101,25,93,23,103,94,99,103,13,7,13,9,16,12,12,10,31,8,33,8,88,106,88,45,51,25,44,27,48,26,55,96,102,99
ds001894_sub-0046,ds001894,sub-046,10.48,male,right,Mother,3,3,58,109,65,124,20,106,39,109,34,109,25,105,24,97,28,126,118,108,110,17,11,16,11,17,13,10,8,26,12,29,12,106,103,112,44,57,33,67,26,54,27,60,119,110,117
ds001894_sub-0047,ds001894,sub-047,9.72,male,right,Both Parents,5,3,55,107,30,89,19,110,34,100,28,96,21,100,30,123,14,88,97,104,107,13,9,15,11,11,8,10,9,47,7,46,8,100,91,85,39,55,27,58,50,74,27,63,109,134,124
ds001894_sub-0048,ds001894,sub-048,8.16,female,right,Both Parents,5,5,54,119,45,120,14,112,31,111,31,116,24,114,27,122,20,117,122,118,118,17,13,19,15,16,13,15,14,33,12,36,12,124,121,112,44,74,29,70,43,78,23,63,140,138,144
ds001894_sub-0049,ds001894,sub-049,8.96,female,right,Both Parents,2,3,43,95,31,96,9,82,28,94,26,97,17,99,22,99,16,98,95,96,91,17,13,17,13,12,9,8,8,42,9,42,10,118,91,97,32,52,29,66,8,42,23,60,114,101,108
ds001894_sub-0050,ds001894,sub-050,12.43,male,right,Both Parents,3,3,58,98,51,97,23,103,39,103,34,101,29,112,30,108,26,111,98,105,101,18,11,18,13,14,10,13,11,50,4,48,5,112,103,67,48,54,32,55,46,60,26,54,107,110,109
ds001894_sub-0051,ds001894,sub-051,11.04,male,right,Both Parents,2,3,56,102,52,105,18,96,28,85,33,103,24,102,28,108,22,105,104,102,95,17,10,16,11,14,10,12,10,33,9,33,9,103,100,94,40,49,32,62,23,49,25,55,108,103,107
ds001894_sub-0052,ds001894,sub-052,10.12,female,right,Mother and other,3,n/a,52,100,41,99,21,114,39,110,30,99,22,101,23,96,19,101,99,100,109,18,12,15,10,14,10,12,10,34,9,39,9,106,100,94,38,51,22,47,23,53,20,48,98,100,100
ds001894_sub-0053,ds001894,sub-053,11.48,female,right,Mother,3,2,58,103,40,89,18,92,43,115,34,105,30,118,25,95,17,87,100,109,102,18,11,17,12,11,7,12,10,40,7,35,9,109,91,88,39,47,31,59,8,35,12,31,105,75,87
ds001894_sub-0054,ds001894,sub-054,8.69,male,right,Mother,2,2,42,96,26,94,9,86,22,85,24,95,16,99,21,98,13,92,95,97,90,7,7,9,8,12,9,12,11,47,8,39,11,88,100,97,35,57,25,59,7,41,15,47,112,90,101
ds001894_sub-0055,ds001894,sub-055,11.4,male,right,Both Parents,2,1,63,114,55,106,27,122,47,125,37,116,28,111,25,96,22,103,112,114,126,19,12,20,15,14,10,11,9,35,8,34,9,121,97,91,47,57,28,53,36,57,30,64,108,118,114
ds001894_sub-0056,ds001894,sub-056,11.2,male,right,Both Parents,4,5,62,114,39,91,27,124,43,116,37,117,27,109,31,118,26,116,103,112,123,20,13,19,14,15,11,16,14,30,10,37,9,121,115,97,56,71,35,68,47,66,27,59,135,121,132
ds001894_sub-0057,ds001894,sub-057,13.53,female,right,Both Parents,4,4,58,95,64,106,16,77,27,73,36,104,21,92,37,126,26,107,102,93,81,18,11,19,14,17,13,13,10,31,7,37,6,115,109,79,57,63,30,50,48,59,29,57,109,112,113
ds001894_sub-0058,ds001894,sub-058,11.29,female,right,Both Parents,4,4,50,92,46,97,17,92,34,96,31,97,18,93,26,100,22,103,92,90,89,15,8,14,9,10,6,11,9,35,8,38,8,91,85,88,36,44,30,58,36,59,28,61,101,117,109
ds001894_sub-0059,ds001894,sub-059,8.62,female,right,Both Parents,4,4,63,127,59,135,12,98,41,126,33,118,29,122,27,120,22,120,98,96,94,16,12,15,11,14,11,13,12,34,11,33,12,109,109,109,28,49,20,52,39,73,24,64,100,134,117
ds001894_sub-0060,ds001894,sub-060,13.75,female,right,Mother,5,5,70,120,78,121,30,117,50,124,39,114,30,114,34,115,26,106,122,119,127,20,13,19,14,17,13,17,14,30,8,25,12,121,121,100,59,65,37,62,53,61,28,55,122,112,120
ds001894_sub-0061,ds001894,sub-061,9.69,female,right,Both Parents,3,4,57,111,49,111,15,97,34,101,31,104,22,103,21,92,22,112,110,108,105,20,15,13,10,13,10,8,8,36,10,38,10,115,94,100,35,49,25,54,8,39,23,55,102,95,99
ds001894_sub-0062,ds001894,sub-062,9.28,female,right,Both Parents,4,3,59,117,58,126,15,101,44,126,31,107,23,106,25,108,23,118,121,113,119,14,10,20,16,16,13,12,11,33,11,40,9,118,112,100,40,61,27,61,31,63,26,64,118,124,124
ds001894_sub-0063,ds001894,sub-063,10.12,male,right,Both Parents,4,5,61,117,57,117,21,114,38,108,32,105,23,103,26,106,21,107,116,111,116,17,11,16,11,15,11,12,10,26,12,31,11,106,103,109,39,52,28,59,21,51,24,55,108,104,107
ds001894_sub-0064,ds001894,sub-064,8.48,female,right,Mother,5,4,42,98,24,94,9,88,23,89,23,95,12,96,24,109,22,121,95,97,92,9,8,8,7,10,7,11,10,41,9,50,8,85,91,91,38,64,25,61,7,42,22,60,120,101,112
ds001894_sub-0065,ds001894,sub-065,8.5,female,right,Both Parents,2,2,26,74,11,80,8,84,n/a,n/a,19,88,5,82,20,95,18,108,76,76,n/a,7,7,12,10,11,8,9,8,66,6,47,9,91,88,85,29,50,23,57,10,46,12,44,106,92,99
ds001894_sub-0066,ds001894,sub-066,9.87,female,right,Mother and other,5,3,40,86,26,85,15,96,27,87,23,87,19,98,22,94,15,90,84,91,77,6,6,10,8,13,10,18,17,52,7,59,6,82,121,79,31,44,21,47,16,48,21,52,93,99,96
ds001894_sub-0067,ds001894,sub-067,9.39,female,right,Both Parents,5,2,35,80,26,88,12,90,24,83,18,80,18,98,23,100,17,98,80,88,84,7,6,10,8,10,7,9,8,33,11,37,10,82,85,103,30,44,22,51,20,52,22,54,96,104,100
ds001894_sub-0068,ds001894,sub-068,10.84,male,right,Both Parents,5,5,43,85,35,88,15,89,29,87,27,90,17,93,28,109,18,94,86,89,87,7,5,9,7,11,7,9,8,41,7,44,7,76,85,82,49,63,32,64,61,77,25,55,122,129,129
ds001894_sub-0069,ds001894,sub-069,9.96,female,right,Both Parents,3,2,42,88,29,88,16,98,27,86,23,87,16,94,27,111,19,110,86,91,90,14,10,15,11,15,12,13,12,29,12,34,11,103,112,109,36,51,26,56,17,49,23,55,106,103,105
ds001894_sub-0070,ds001894,sub-070,10.74,male,right,n/a,n/a,n/a,47,91,28,82,20,104,26,81,31,98,17,93,33,127,25,115,88,92,96,19,13,11,8,12,8,11,9,27,12,31,11,103,91,109,40,51,31,62,27,54,25,55,109,106,109
ds001894_sub-0071,ds001894,sub-071,10.91,male,right,Both Parents,3,3,42,83,32,85,21,106,22,71,25,86,13,89,26,102,22,105,83,85,86,18,12,13,9,14,10,7,6,32,10,35,10,103,88,100,29,38,16,34,24,51,24,53,79,103,89
ds001894_sub-0072,ds001894,sub-072,12.16,male,right,Both Parents,4,4,61,106,n/a,113,n/a,111,n/a,87,n/a,105,n/a,96,n/a,113,n/a,118,n/a,n/a,n/a,n/a,9,n/a,9,n/a,6,n/a,7,n/a,7,n/a,6,94,79,79,n/a,n/a,n/a,n/a,n/a,n/a,n/a,n/a,112,112,104
ds001894_sub-0073,ds001894,sub-073,10.04,male,right,Both Parents,2,5,43,89,27,85,13,88,27,86,28,95,22,101,32,128,24,117,88,94,77,10,8,10,8,19,16,10,9,29,12,35,11,88,115,109,42,56,28,59,40,66,27,61,111,124,119
ds001894_sub-0074,ds001894,sub-074,9.8,male,right,Both Parents,5,5,43,90,31,90,22,120,23,78,27,94,20,99,29,119,21,108,90,94,92,8,7,14,10,13,10,13,12,44,8,50,7,91,106,85,48,68,34,72,43,69,26,61,136,127,136
ds001894_sub-0075,ds001894,sub-075,10.25,male,right,Both Parents,2,5,37,79,36,92,16,96,n/a,n/a,21,82,11,88,25,102,19,100,82,82,n/a,17,11,15,10,16,12,12,10,40,8,41,8,103,106,88,31,43,22,47,36,63,25,57,92,117,104
ds001894_sub-0076,ds001894,sub-076,12.66,male,right,Both Parents,5,5,61,101,65,110,27,112,43,107,35,102,27,102,30,106,23,101,106,102,109,19,12,9,7,15,11,16,14,27,10,33,18,97,115,94,53,60,41,73,47,60,26,54,129,110,123
ds001894_sub-0077,ds001894,sub-077,8.59,female,right,Both Parents,2,5,40,94,34,104,9,87,n/a,n/a,22,93,21,107,24,108,16,101,96,99,n/a,18,14,13,10,14,11,10,9,42,9,40,10,112,100,97,31,53,23,57,12,49,23,62,108,108,109
ds001894_sub-0078,ds001894,sub-078,10.72,male,right,Both Parents,3,3,43,86,37,91,21,108,24,77,27,91,13,89,25,100,19,97,87,87,89,12,8,12,8,10,6,7,6,25,13,27,13,88,76,118,49,63,35,70,19,48,20,46,129,95,112
ds001894_sub-0079,ds001894,sub-079,9.19,male,right,Both Parents,4,2,38,87,33,97,15,102,22,80,25,94,18,99,21,95,18,103,90,92,88,14,10,15,11,7,4,11,10,30,12,33,11,103,82,109,38,59,23,54,17,51,27,66,109,114,113
ds001894_sub-0080,ds001894,sub-080,9.83,male,right,Both Parents,2,3,43,90,39,98,13,90,n/a,n/a,21,84,16,95,30,122,20,105,89,92,n/a,18,13,11,9,9,6,11,10,35,10,44,8,106,88,94,28,40,19,44,12,44,7,29,88,79,82
ds001894_sub-0081,ds001894,sub-081,10.91,male,right,Both Parents,5,3,49,91,34,87,14,79,26,77,25,82,13,85,28,107,26,110,76,88,82,15,9,16,11,14,10,14,12,50,6,49,7,100,106,79,54,69,28,55,28,56,19,45,119,100,111
ds001894_sub-0082,ds001894,sub-082,12.46,female,right,Both Parents,3,3,52,91,34,82,20,94,30,84,21,72,13,85,30,108,18,87,81,88,89,6,4,9,7,9,5,14,12,36,7,41,6,73,91,79,30,33,19,33,8,32,24,50,76,86,78
ds001894_sub-0083,ds001894,sub-083,8.56,male,right,n/a,n/a,n/a,32,82,18,87,13,101,12,55,20,89,11,94,23,105,17,104,83,87,77,7,7,12,9,8,5,10,9,45,9,39,11,88,82,100,25,44,19,51,34,69,23,62,96,128,111
ds001894_sub-0084,ds001894,sub-084,12.46,female,right,Both Parents,3,3,53,92,39,86,18,88,29,82,30,91,15,88,28,102,18,87,88,90,88,6,4,6,5,9,5,11,9,48.18,4,42.19,6,67,82,70,36,40,19,33,8,32,21,44,80,82,79
ds001894_sub-0085,ds001894,sub-085,13.42,female,right,Both Parents,4,3,58,95,48,90,17,81,37,96,32,93,23,95,27,95,22,95,92,95,90,16,9,17,12,13,9,13,10,30,8,37,6,103,97,82,47,50,31,52,28,45,29,57,101,101,101
ds001894_sub-0086,ds001894,sub-086,11.37,male,right,Both Parents,3,3,51,92,37,88,12,68,28,81,30,93,23,97,28,105,19,93,80,94,81,17,10,12,8,7,3,11,9,36,8,37,8,94,76,88,42,51,24,45,24,49,13,33,97,86,89
ds001894_sub-0087,ds001894,sub-087,12.18,female,right,Both Parents,3,5,47,85,32,81,16,84,27,78,24,79,17,91,29,106,25,109,80,87,83,15,8,12,8,14,10,11,9,48,4,52,4,88,97,53,39,43,28,49,30,50,29,61,94,108,101
ds001894_sub-0088,ds001894,sub-088,10.54,male,right,Both Parents,5,3,46,89,n/a,93,20,104,27,82,24,82,19,94,21,86,12,75,n/a,91,89,6,5,11,8,8,4,13,11,34,9,35,10,79,85,97,37,48,25,51,10,40,15,39,99,84,89
ds001894_sub-0089,ds001894,sub-089,9.79,female,right,Both Parents,3,4,45,93,31,90,19,110,28,89,26,93,17,96,29,119,22,112,91,94,95,18,14,16,12,14,11,12,11,48,7,43,9,118,106,88,36,51,30,64,20,51,22,53,111,103,108
ds001894_sub-0090,ds001894,sub-090,9.08,male,right,n/a,n/a,n/a,37,86,21,85,14,99,24,85,22,90,17,98,29,124,22,116,84,91,89,17,11,13,9,13,9,13,11,44.12,7,64.16,5,100,100,76,50,75,30,67,24,57,29,70,138,124,135
ds001894_sub-0091,ds001894,sub-091,11.05,male,right,n/a,1,1,29,62,11,68,9,66,18,59,17,70,15,91,24,95,24,111,62,75,64,17,10,10,7,15,11,15,13,46,5,62,4,91,112,62,57,72,32,62,47,66,26,57,130,119,128
ds001894_sub-0092,ds001894,sub-092,10.73,female,right,Both Parents,2,2,46,90,30,84,17,95,28,85,28,93,14,90,n/a,n/a,n/a,n/a,87,89,90,18,12,11,8,11,7,13,11,37,8,41,8,100,94,88,36,47,16,35,28,55,21,48,87,102,93
ds001894_sub-0093,ds001894,sub-093,11.51,female,right,Both Parents,4,4,51,93,52,103,25,115,33,93,32,98,16,91,26,99,26,115,98,92,98,17,10,14,9,9,5,12,10,37,7,38,8,97,85,85,39,47,31,59,57,72,29,62,105,131,118
ds001894_sub-0094,ds001894,sub-094,9.39,male,right,Both Parents,3,5,41,91,32,95,15,101,20,74,24,92,12,92,28,119,25,125,88,89,84,15,10,17,13,13,10,13,12,52,7,61,6,118,106,79,36,56,27,61,22,55,10,37,113,99,107
ds001894_sub-0095,ds001894,sub-095,8.33,female,right,Mother,4,2,38,94,16,87,11,97,22,89,18,88,17,103,19,93,10,85,88,98,92,8,7,13,10,12,9,12,11,53,8,62,7,91,100,85,20,36,19,51,6,40,8,37,89,83,85
ds001894_sub-0096,ds001894,sub-096,11.85,female,right,Both Parents,3,1,42,79,23,75,12,73,23,70,20,72,17,91,22,85,17,86,68,80,65,17,10,18,13,13,9,14,12,48,5,56,5,109,103,70,39,46,28,51,34,55,23,50,98,103,100
ds001894_sub-0097,ds001894,sub-097,9.52,female,right,Both Parents,5,4,41,89,30,91,20,116,28,90,24,91,20,100,27,113,19,104,87,93,94,16,11,13,10,9,6,13,12,45,8,42,9,103,94,91,43,63,30,65,29,59,24,58,123,114,121
ds001894_sub-0098,ds001894,sub-098,13.34,male,right,Mother,4,2,52,87,43,86,23,98,27,74,34,98,22,94,27,95,23,99,88,90,84,10,6,15,10,11,7,10,8,27,9,29.81,10,88,85,97,41,43,33,56,56,64,21,41,99,103,101
ds001894_sub-0099,ds001894,sub-099,10.23,male,right,Mother,3,2,46,92,30,87,12,83,20,81,25,89,18,96,19,84,18,97,86,91,77,8,6,9,7,11,7,15,13,38,8,34,10,79,100,94,46,62,30,62,40,66,26,59,119,121,124
ds001894_sub-0100,ds001894,sub-100,7.84,female,right,Both Parents,3,2,28,86,5,78,9,95,19,89,14,84,14,104,17,90,12,94,80,93,88,8,9,12,10,9,7,11,11,71,7,59,8,97,94,88,35,63,22,62,7,34,21,62,120,96,109
ds001894_sub-0101,ds001894,sub-101,9.89,male,right,n/a,n/a,n/a,52,101,37,96,18,105,29,90,n/a,95,19,98,n/a,126,n/a,125,n/a,99,98,17,12,13,10,11,8,10,9,0,7,0,8,106,91,85,45,63,39,80,48,73,30,69,139,139,144
ds001894_sub-0102,ds001894,sub-102,11.48,male,right,n/a,n/a,n/a,57,101,41,91,16,88,26,78,33,101,25,103,28,106,25,112,97,102,91,18,11,10,7,20,16,14,12,28,11,29,11,94,124,106,49,60,31,59,16,43,25,54,115,97,107
ds001894_sub-0103,ds001894,sub-103,9.54,female,right,Mother,5,2,41,84,29,84,16,94,25,80,23,84,25,105,18,80,15,87,86,96,88,19,14,17,13,9,6,11,10,30,12,36,11,121,88,109,28,42,26,58,12,45,23,56,99,100,100
ds001894_sub-0104,ds001894,sub-104,9.79,male,right,Both Parents,4,5,35,78,24,84,15,97,25,83,26,93,19,98,28,116,22,112,82,87,85,19,14,17,13,12,9,13,12,33,11,39,10,121,103,103,46,65,30,64,20,51,26,61,125,109,119
ds001894_sub-0105,ds001894,sub-105,13.39,male,right,Both Parents,5,2,54,89,34,79,19,86,32,85,30,88,16,86,31,107,28,113,83,88,86,7,4,16,11,15,11,14,11,45,4,44,5,85,106,67,47,50,35,60,44,56,27,53,108,106,108
ds001894_sub-0106,ds001894,sub-106,7.76,male,right,Both Parents,5,4,33,95,4,77,12,110,20,93,17,91,10,99,22,106,19,117,87,97,97,5,7,15,12,11,10,14,14,65,7,63,8,97,112,85,35,63,26,66,24,64,9,42,125,104,116
ds001894_sub-0107,ds001894,sub-107,9.56,female,right,Father and other,4,4,45,93,20,81,13,91,29,92,22,87,21,101,17,81,13,85,85,96,92,8,7,11,9,6,3,6,6,51,7,54,7,88,55,66,25,37,21,47,7,38,18,47,88,88,86
ds001894_sub-0108,ds001894,sub-108,9.85,male,right,Mother,3,2,44,91,30,89,15,96,28,89,30,100,16,95,25,104,22,111,92,92,92,15,10,13,10,13,10,6,6,40,9,39,10,100,88,97,30,43,22,49,18,49,19,49,94,98,96
ds001894_sub-0109,ds001894,sub-109,9.68,male,right,Mother,5,5,47,96,24,84,18,107,27,88,29,99,16,95,22,95,18,100,92,95,96,17,12,18,14,12,9,16,15,45,8,41,9,118,112,91,45,65,26,58,33,62,19,50,119,109,116
ds001894_sub-0110,ds001894,sub-110,9.91,female,right,Both Parents,4,4,43,89,37,96,25,129,28,88,29,98,17,95,29,118,23,114,93,92,97,12,9,15,10,11,8,11,10,37,9,40,9,97,94,94,40,56,26,56,43,69,26,61,109,127,119
ds001894_sub-0111,ds001894,sub-111,10.35,male,right,Both Parents,2,3,38,80,8,67,19,104,24,78,18,75,8,83,24,98,21,105,71,81,86,15,9,19,14,12,8,10,8,36,9,40,8,109,88,91,37,48,22,45,24,52,10,31,95,87,89
ds001894_sub-0112,ds001894,sub-112,13.72,male,right,Father and other,2,4,50,82,36,79,15,72,32,84,30,87,17,86,28,96,22,94,80,84,77,10,6,10,7,11,7,9,7,27,9,27,11,79,82,100,42,43,26,42,14,34,16,31,88,74,79
ds001894_sub-0113,ds001894,sub-113,11.33,male,right,Both Parents,5,3,36,72,32,84,19,97,26,79,20,75,6,76,22,87,20,97,74,73,81,7,4,10,7,7,3,9,8,41,6,52,5,73,73,73,45,55,24,46,6,34,20,46,100,85,91
ds001894_sub-0114,ds001894,sub-114,8.24,male,right,n/a,n/a,n/a,39,97,27,100,11,98,27,100,18,88,7,89,18,91,14,87,94,93,98,7,7,6,6,12,9,11,10,39,10,42,10,79,97,100,26,45,20,54,6,41,18,55,99,96,98
ds001894_sub-0115,ds001894,sub-115,11.83,male,right,n/a,n/a,n/a,47,86,29,79,19,94,30,86,31,95,15,89,23,88,17,86,84,87,89,8,5,10,7,11,7,11,9,33,9,38,8,76,88,91,40,47,26,47,40,59,26,55,95,110,103
ds001894_sub-0116,ds001894,sub-116,10.9,female,right,Both Parents,4,2,44,86,43,96,19,100,22,71,32,100,14,90,27,105,24,111,92,87,86,18,12,16,11,15,11,13,11,29,11,36,10,109,106,103,47,60,33,66,32,58,28,61,121,116,121
ds001894_sub-0117,ds001894,sub-117,13.04,male,right,Both Parents,2,2,53,90,53,97,26,109,34,91,30,89,16,88,27,96,26,108,92,88,94,12,7,15,10,17,13,9,7,28,9,27,11,91,100,100,52,58,34,58,47,59,27,54,112,109,113
ds001894_sub-0118,ds001894,sub-118,8.79,male,right,Mother,3,3,25,70,4,68,8,81,18,74,13,73,3,65,16,83,14,94,65,66,73,6,7,6,6,14,11,9,8,70,6,68,7,79,97,79,27,45,24,57,15,51,16,49,101,99,100
ds001894_sub-0119,ds001894,sub-119,8.93,female,right,Both Parents,3,3,31,78,16,82,13,98,24,87,17,81,10,91,22,99,18,105,76,83,85,6,7,11,9,17,14,8,8,56,7,55,8,88,106,85,35,57,25,59,11,47,21,57,112,103,108
ds001894_sub-0120,ds001894,sub-120,9.69,female,right,Mother,2,n/a,36,81,28,88,15,97,25,83,24,90,5,77,20,89,16,94,83,78,86,9,7,7,6,13,10,8,8,33,11,33,11,79,94,106,29,42,23,50,4,33,20,50,94,87,88
ds001894_sub-0121,ds001894,sub-121,8.84,male,right,Mother,4,3,39,91,20,87,11,92,28,95,17,82,5,80,15,79,11,85,84,85,92,3,4,8,7,12,9,7,7,30,13,36,12,73,88,115,22,37,13,39,2,32,9,37,82,77,77
ds001894_sub-0122,ds001894,sub-122,11.16,male,right,Both Parents,2,3,42,82,24,78,15,87,26,79,24,83,22,98,34,128,29,126,77,88,82,17,10,17,12,13,9,10,8,36,8,45,6,106,91,82,53,66,34,66,35,58,28,61,128,116,125
ds001894_sub-0123,ds001894,sub-123,13.78,male,right,Mother,4,3,54,88,38,81,27,108,37,95,30,87,18,88,26,90,20,88,83,88,94,14,8,12,8,17,13,9,7,31,7,38,6,88,100,79,45,47,29,47,11,32,21,41,95,79,86
ds001894_sub-0124,ds001894,sub-124,11.48,male,right,Mother,1,1,51,93,33,84,21,102,32,91,25,84,16,91,26,99,20,97,86,92,95,8,5,9,7,10,6,10,8,37,7,44,6,76,82,79,32,39,25,47,16,43,25,54,89,98,93
ds001894_sub-0125,ds001894,sub-125,13.72,female,right,Both Parents,3,5,45,76,43,85,22,94,30,80,29,85,10,78,27,94,23,98,80,76,79,8,5,17,12,11,7,10,8,42,4,41,5,91,85,67,41,42,25,40,35,49,24,47,87,96,89
ds001894_sub-0126,ds001894,sub-126,10.63,male,right,Mother,4,2,26,59,n/a,n/a,10,73,18,61,14,64,5,75,21,88,16,89,51,65,65,3,2,13,9,14,10,8,7,39,8,53,6,73,91,82,34,44,17,37,16,46,18,44,86,92,87
ds001894_sub-0127,ds001894,sub-127,11.02,male,right,Mother,5,4,53,97,36,89,19,99,29,87,28,92,19,95,28,108,22,108,92,96,95,10,6,9,7,19,15,10,8,37,7,37,8,79,109,85,44,54,29,56,33,56,25,55,108,108,109
ds001894_sub-0128,ds001894,sub-128,11.17,female,right,Mother,3,1,64,118,58,111,21,104,41,112,31,97,26,106,24,94,23,107,77,81,85,17,10,15,10,11,7,12,10,31,9,28,12,100,91,103,43,53,31,60,18,45,25,55,109,99,106
ds001894_sub-0129,ds001894,sub-129,10.25,female,right,n/a,n/a,n/a,58,110,33,89,18,102,37,105,27,93,28,113,22,92,19,100,97,113,108,7,5,10,7,11,7,12,10,40,8,47,7,76,91,85,36,49,27,57,5,34,23,53,105,89,97
ds001894_sub-0130,ds001894,sub-130,8.01,female,right,Both Parents,2,2,37,97,14,89,14,114,20,89,20,94,11,98,18,92,12,93,93,97,97,8,8,11,9,9,6,7,7,40,10,43,10,91,79,100,19,36,19,53,5,39,9,40,91,84,86
ds001894_sub-0131,ds001894,sub-131,8.29,female,right,n/a,n/a,n/a,44,104,31,104,12,102,28,103,18,88,18,105,18,91,15,100,99,105,103,6,7,10,8,14,11,9,8,34,11,35,12,85,97,109,30,53,20,54,6,41,6,35,106,82,92
ds001894_sub-0132,ds001894,sub-132,10.3,male,right,Mother,4,n/a,58,110,36,91,16,95,43,118,30,98,28,113,30,119,20,102,99,112,110,14,9,13,9,11,7,13,11,31,10,32,11,94,94,103,29,40,26,55,16,47,22,52,96,99,98
ds001894_sub-0133,ds001894,sub-133,13.7,male,right,Both Parents,2,3,62,100,67,109,27,109,36,93,39,114,20,91,38,129,29,116,109,95,100,17,10,10,7,11,7,11,8,36,6,34,7,91,85,79,56,61,37,62,40,52,30,59,119,108,115
ds001894_sub-0134,ds001894,sub-134,11.12,female,right,n/a,n/a,n/a,56,101,38,90,17,93,36,100,22,80,21,97,24,95,15,84,91,99,99,16,9,13,9,15,11,13,11,28,11,36,9,94,106,100,32,40,23,44,18,45,22,50,88,96,90
ds001894_sub-0135,ds001894,sub-135,9.32,male,right,Both Parents,3,5,64,125,54,120,21,122,36,108,35,119,29,119,30,126,21,112,124,124,123,8,7,18,14,13,10,11,10,32,11,31,12,103,100,109,43,66,32,71,49,77,30,72,133,146,145
ds001894_sub-0136,ds001894,sub-136,11.59,male,right,Both Parents,3,3,51,93,37,86,27,121,33,93,35,108,19,94,27,102,26,114,92,93,99,18,11,16,11,19,15,9,8,34,8,42,7,106,109,85,52,63,35,67,42,61,28,60,126,118,125
ds001894_sub-0137,ds001894,sub-137,10.03,male,right,Both Parents,5,4,60,115,40,98,21,114,39,111,31,102,25,107,29,118,23,114,105,112,117,17,11,17,12,16,12,13,11,37,8,39,9,109,109,91,43,58,24,51,23,53,23,53,107,104,107
ds001894_sub-0138,ds001894,sub-138,12.27,male,right,Both Parents,5,4,69,125,75,127,28,120,48,125,36,109,30,117,33,119,30,125,125,124,131,19,12,18,13,17,13,13,11,51,4,30,10,115,112,82,57,67,38,69,36,54,30,63,132,114,126
ds001894_sub-0139,ds001894,sub-139,9.02,female,right,Both Parents,4,5,52,108,24,89,14,100,30,98,29,103,25,111,26,113,22,117,100,110,103,19,14,18,14,13,10,9,8,42,8,44,8,124,94,88,45,68,27,61,8,41,27,66,125,105,116
ds001894_sub-0140,ds001894,sub-140,11.85,male,right,Mother,3,2,56,98,44,93,18,92,36,98,28,89,23,98,28,104,26,113,93,98,97,19,12,12,8,13,9,9,8,30,10,38,8,100,91,94,46,54,32,59,30,52,24,51,109,102,107
ds001894_sub-0141,ds001894,sub-141,8.7,male,right,Mother,1,n/a,51,109,24,92,n/a,n/a,35,112,31,111,21,106,22,101,17,103,104,108,n/a,13,10,9,8,14,11,8,8,35,11,35,12,94,97,109,29,48,18,47,5,37,21,57,96,95,95
ds001894_sub-0142,ds001894,sub-142,11.12,male,right,Mother,3,2,45,87,33,85,14,84,26,80,27,89,15,91,23,92,17,90,85,88,85,18,11,14,9,11,7,6,6,27,11,30,11,100,79,106,41,50,19,38,46,66,22,50,90,112,101
ds001894_sub-0143,ds001894,sub-143,9.46,female,right,Both Parents,4,4,51,102,34,94,15,99,30,94,28,97,24,107,25,106,20,107,98,105,99,9,7,16,12,9,6,9,8,43,8,46,8,97,82,88,37,54,29,63,8,40,27,64,113,103,109
ds001894_sub-0144,ds001894,sub-144,9.04,female,right,n/a,n/a,n/a,57,116,49,112,14,98,39,116,29,103,28,117,23,101,19,106,112,116,113,17,12,13,10,14,11,9,8,24,14,29,13,106,97,121,30,47,19,48,7,40,24,69,96,99,98
ds001894_sub-0145,ds001894,sub-145,11.37,male,right,Both Parents,4,4,44,84,59,112,21,103,29,86,30,95,13,88,26,100,18,91,97,86,90,14,8,17,12,10,6,10,8,31,9,27,12,100,82,103,45,54,28,53,12,39,21,47,106,89,97
ds001894_sub-0146,ds001894,sub-146,11.88,male,right,Both Parents,4,4,55,96,42,89,19,94,37,100,33,100,19,93,28,104,22,101,94,95,97,16,9,14,9,11,7,7,6,32,9,44,6,94,79,85,54,65,31,57,30,52,24,51,118,102,111
ds001894_sub-0147,ds001894,sub-147,11.39,female,right,Both Parents,5,2,46,87,36,87,18,94,34,95,27,88,9,82,25,96,20,97,112,112,118,8,5,15,10,14,10,11,9,33,9,42,7,85,97,88,33,40,27,51,12,39,11,29,93,76,83
ds001894_sub-0148,ds001894,sub-148,9.78,female,right,Both Parents,5,5,59,115,48,109,19,110,42,118,33,110,25,108,29,119,24,118,114,112,120,16,11,14,10,15,12,17,16,38,9,39,10,103,124,97,56,78,34,72,42,69,24,57,146,123,139
ds001894_sub-0149,ds001894,sub-149,10.55,female,right,n/a,n/a,n/a,43,86,34,89,19,102,31,92,28,93,14,91,22,91,18,95,87,88,92,14,9,9,7,13,9,12,10,36,9,34,10,88,97,97,42,54,28,57,5,33,20,47,108,85,96
ds001894_sub-0150,ds001894,sub-150,12.55,male,right,n/a,n/a,n/a,59,99,35,82,10,60,30,84,28,86,19,92,28,101,18,86,89,93,78,15,8,11,8,8,4,11,9,32,8,34,8,88,79,88,41,45,24,40,35,52,26,54,88,104,96
ds001894_sub-0151,ds001894,sub-151,13.04,female,right,Both Parents,2,2,48,83,51,95,18,86,32,87,28,84,14,85,19,73,16,79,87,84,83,5,3,8,6,20,16,10,8,28,9,37,6,67,112,85,38,41,27,44,37,52,25,50,88,101,94
ds001894_sub-0152,ds001894,sub-152,10.42,female,right,n/a,n/a,n/a,47,92,38,94,21,110,29,89,27,92,19,96,24,98,21,105,91,94,95,13,8,14,9,13,9,12,10,33,10,36,10,91,97,100,36,47,23,47,11,41,24,54,95,96,95
ds001894_sub-0153,ds001894,sub-153,9.22,male,right,Both Parents,5,5,33,78,7,70,13,95,16,63,16,77,7,84,26,111,24,122,71,80,77,7,6,19,15,15,12,12,11,54,7,68,6,103,109,79,46,70,35,77,36,67,22,56,143,119,136
ds001894_sub-0154,ds001894,sub-154,13.09,female,right,Mother,3,n/a,55,92,59,103,24,102,42,108,29,87,21,93,24,87,17,81,95,93,99,17,10,14,9,17,13,9,7,25,10,30,9,97,100,97,38,41,31,52,24,44,23,46,95,92,92
ds001894_sub-0155,ds001894,sub-155,9.51,female,right,Other,2,2,48,98,28,89,12,89,25,84,23,89,16,96,23,99,15,92,91,97,92,8,7,17,13,16,13,14,13,32,11,32,12,100,118,109,28,42,20,47,16,49,22,54,91,102,97
ds001894_sub-0156,ds001894,sub-156,9,male,right,Mother,3,n/a,40,91,14,79,10,86,23,84,19,85,13,94,23,102,17,101,83,92,87,6,7,13,10,12,9,12,11,65,6,80,6,91,100,76,25,42,11,35,8,42,12,42,83,88,84
ds001894_sub-0157,ds001894,sub-157,8.99,female,right,n/a,n/a,n/a,39,89,28,93,12,94,23,84,17,81,9,89,17,84,15,95,86,89,88,6,7,7,6,9,6,8,8,23,16,27,15,79,82,133,28,47,17,45,3,34,17,50,94,88,89
ds001894_sub-0158,ds001894,sub-158,9.54,male,right,n/a,n/a,n/a,42,90,21,83,12,89,27,88,23,89,15,94,23,99,12,84,85,92,90,16,11,9,8,13,10,9,8,47,7,50,7,97,94,82,33,49,21,49,12,45,21,53,98,98,99
ds001894_sub-0159,ds001894,sub-159,8.47,male,right,n/a,n/a,n/a,45,102,36,106,11,95,28,99,27,102,21,107,20,95,16,101,104,105,99,13,10,7,6,11,8,11,10,33,12,32,13,88,94,115,35,60,18,49,16,53,7,36,107,91,99
ds001894_sub-0160,ds001894,sub-160,11.96,female,right,Both Parents,3,4,69,127,64,115,26,115,49,128,36,110,31,124,31,114,26,113,119,129,131,19,12,20,15,15,11,15,13,25,12,27,12,121,112,112,55,66,38,71,43,61,25,53,133,110,125
ds001894_sub-0161,ds001894,sub-161,11.25,female,right,Father,N/A,1,54,98,42,93,14,83,34,96,29,93,18,94,20,82,17,89,94,96,94,13,7,11,8,15,11,10,8,24,13,24,15,85,97,124,33,41,26,50,7,35,22,50,93,88,89
ds001894_sub-0162,ds001894,sub-162,12.29,male,right,Father,N/A,1,50,89,38,85,21,98,34,93,28,87,13,86,26,96,18,87,86,87,92,6,4,6,5,13,9,11,9,38,6,37,7,67,94,79,40,45,22,39,4,29,19,41,88,77,81
ds001894_sub-0163,ds001894,sub-163,10.24,female,right,Both Parents,n/a,n/a,50,97,51,109,19,105,31,93,32,104,16,93,24,98,21,106,103,95,98,12,8,8,6,16,12,14,12,27,12,26,14,82,112,118,38,51,28,59,4,33,21,50,108,87,97
ds001894_sub-0164,ds001894,sub-164,13.56,male,right,n/a,n/a,n/a,61,98,52,93,27,109,44,110,35,101,26,100,23,82,22,95,96,99,107,19,12,8,6,16,12,9,7,21,12,21,15,94,112,106,44,46,32,54,17,38,23,45,99,87,92
ds001894_sub-0165,ds001894,sub-165,8.93,female,right,Both Parents,4,5,55,113,40,107,16,109,38,116,29,103,30,124,24,106,20,111,109,119,116,17,13,16,12,15,12,11,10,31,12,33,12,115,106,112,32,52,22,54,4,35,17,50,105,88,96
ds001894_sub-0166,ds001894,sub-166,8.74,female,right,Mother,3,2,44,98,24,90,12,96,26,92,26,98,15,98,21,97,16,100,95,98,96,7,7,17,13,10,7,5,6,42,9,49,9,100,79,94,30,49,18,47,5,37,17,50,97,89,92
ds001894_sub-0167,ds001894,sub-167,9.45,female,right,Both Parents,5,4,50,101,43,106,19,114,35,105,32,109,22,104,24,103,20,108,105,102,107,20,15,9,8,14,11,14,13,36,10,42,9,109,112,97,48,70,31,67,8,40,27,64,133,103,119
ds001894_sub-0168,ds001894,sub-168,10.82,female,right,Both Parents,5,4,63,117,54,109,27,127,46,124,36,115,26,107,28,109,27,121,114,113,129,18,12,10,7,19,15,10,8,23,14,29,12,97,109,118,50,64,33,66,45,66,28,61,126,124,128
ds001894_sub-0169,ds001894,sub-169,9.06,male,right,Mother,2,1,50,100,21,83,10,82,26,86,24,91,18,98,24,103,17,98,91,99,92,7,6,8,7,9,6,8,8,55,7,48,8,79,82,85,32,47,13,36,10,43,23,56,87,99,92
ds001894_sub-0170,ds001894,sub-170,10.09,male,right,Both Parents,3,3,43,89,32,89,17,100,28,88,25,90,14,92,21,90,21,107,87,90,91,9,6,9,7,9,5,8,7,33,10,38,9,79,76,88,35,47,23,49,10,41,20,48,97,91,93
ds001894_sub-0171,ds001894,sub-171,8.08,male,right,Both Parents,3,2,28,82,16,90,10,96,15,74,14,81,5,84,19,95,12,93,81,82,81,4,5,7,6,12,9,6,6,61,7,61,7,73,85,82,22,41,9,36,8,44,16,52,83,96,88
ds001894_sub-0172,ds001894,sub-172,13.18,male,right,Mother,1,2,65,108,59,101,29,116,45,113,30,88,29,110,26,92,22,95,99,109,115,19,12,13,9,16,12,8,6,24,11,24,13,103,94,112,50,55,36,62,62,69,31,62,113,128,123
ds001894_sub-0173,ds001894,sub-173,8.83,female,right,Mother,3,2,35,85,1,78,15,106,22,83,15,78,3,65,22,100,14,93,77,75,88,8,8,9,8,15,12,7,7,43,9,45,9,88,97,94,30,49,21,52,11,47,20,55,100,101,101
ds001894_sub-0174,ds001894,sub-174,9.2,female,right,Mother,1,2,49,101,39,103,14,98,33,102,28,99,15,96,21,95,16,97,102,99,101,7,6,6,6,11,8,9,8,39,9,46,8,76,88,91,40,61,28,63,6,39,17,48,119,89,105
ds001894_sub-0175,ds001894,sub-175,9.43,female,right,Mother,4,2,44,93,28,90,13,93,29,93,21,86,8,85,19,88,13,87,88,89,93,7,6,4,4,14,11,10,9,62,5,74,6,70,100,73,27,40,17,42,3,33,18,48,87,86,84
ds001894_sub-0176,ds001894,sub-176,8.21,female,right,Both Parents,4,4,38,96,27,101,16,119,26,99,23,97,15,102,21,100,18,110,97,98,102,9,8,10,8,14,11,9,8,45,9,44,9,88,97,94,38,66,25,63,7,43,6,35,125,84,103
ds001894_sub-0177,ds001894,sub-177,13.53,male,right,Both Parents,5,3,43,73,30,74,21,92,26,71,20,64,19,90,30,104,26,107,69,81,74,7,4,18,13,10,6,9,7,35,6,35,7,91,79,79,49,53,34,58,55,63,29,57,108,117,114
ds001894_sub-0178,ds001894,sub-178,8.71,female,right,Both Parents,5,4,31,80,16,84,11,93,19,77,20,89,14,97,26,115,18,107,81,87,81,9,8,17,13,12,9,10,9,34,11,41,10,103,94,103,39,63,25,59,8,42,25,64,118,104,112
ds001894_sub-0179,ds001894,sub-179,8.15,female,right,Mother,3,2,42,102,27,101,10,95,28,104,28,108,14,100,23,107,19,114,103,101,101,17,13,7,6,13,10,5,6,42,9,45,9,97,88,94,30,53,22,58,8,44,23,63,108,105,108
ds001894_sub-0180,ds001894,sub-180,8.15,male,right,Both Parents,3,3,23,73,12,85,10,95,17,79,11,74,6,87,16,86,14,98,72,78,78,4,5,9,8,8,5,4,5,50,8,59,7,79,70,85,26,47,19,53,7,43,7,37,99,85,91
ds001894_sub-0181,ds001894,sub-181,9.35,female,right,Both Parents,5,3,47,98,37,100,17,108,25,85,22,88,21,102,21,94,13,87,95,99,96,18,13,14,10,13,10,9,8,31,11,37,10,109,94,103,36,53,24,54,7,39,26,62,106,100,103
ds001894_sub-0182,ds001894,sub-182,8.77,male,right,Mother,2,2,33,82,15,82,12,96,20,79,19,86,6,83,22,100,18,106,80,82,84,8,8,10,8,11,8,4,5,65,6,67,7,88,79,79,23,39,17,45,1,28,21,57,88,88,86
ds001894_sub-0183,ds001894,sub-183,8.9,female,right,Both Parents,5,5,64,127,56,127,22,130,49,139,35,122,30,124,35,147,25,127,129,127,138,20,16,16,12,21,18,13,12,27,14,31,13,124,130,121,48,76,30,68,34,67,26,66,140,129,140
ds001894_sub-0184,ds001894,sub-184,8.95,female,right,Both Parents,1,2,41,93,15,81,13,98,23,84,19,85,13,94,18,88,15,96,85,93,91,8,8,9,8,15,12,9,8,52,8,55,8,88,100,88,24,40,23,55,5,37,11,40,96,83,87
ds001894_sub-0185,ds001894,sub-185,12.8,male,right,Mother,3,1,58,97,54,98,22,98,36,95,36,107,25,99,26,94,22,97,99,98,96,19,12,8,6,17,13,10,8,23,12,35,8,94,103,100,52,58,25,42,10,33,26,53,99,89,94
ds001894_sub-0186,ds001894,sub-186,12.75,male,right,Mother,2,2,51,88,46,91,20,92,38,100,28,85,20,93,25,91,23,101,87,90,92,16,9,10,7,15,11,15,13,35,7,36,8,88,112,85,42,46,27,45,8,32,29,59,93,93,92
ds001894_sub-0187,ds001894,sub-187,9.39,male,right,Both Parents,5,2,51,103,36,98,14,96,29,93,29,100,21,102,28,118,18,101,100,103,98,16,11,12,9,13,10,n/a,11,38,9,41,9,100,103,94,43,63,30,65,20,52,23,56,123,106,116
ds001894_sub-0188,ds001894,sub-188,7.95,female,right,Both Parents,3,3,56,124,55,137,15,119,25,90,25,104,30,130,24,113,12,94,120,128,118,19,16,15,13,13,11,10,10,22,17,23,19,127,81,148,31,56,25,64,19,59,20,60,116,116,118
