unique_id,dataset,subject_id,run_name,repaired_num,repaired_perc,chunks_num,FD_mean,FD_num_03,FD_perc_03
ds001486_sub-0004,ds001486,sub-004,sub-004_ses-T1_task-Rhyming_bold,0,0.0,0,0.157571707568966,12,0.0689655172413793
ds001486_sub-0005,ds001486,sub-005,sub-005_ses-T1_task-Rhyming_bold,4,0.0217391304347826,0,0.2686358679275,30,0.16304347826087
ds001486_sub-0006,ds001486,sub-006,sub-006_ses-T1_task-Rhyming_bold,0,0.0,0,0.196929222348276,24,0.137931034482759
ds001486_sub-0007,ds001486,sub-007,sub-007_ses-T1_task-Rhyming_bold,0,0.0,0,0.142496430198163,6,0.0326086956521739
ds001486_sub-0008,ds001486,sub-008,sub-008_ses-T1_task-Rhyming_bold,0,0.0,0,0.0995930986860222,8,0.0444444444444444
ds001486_sub-0009,ds001486,sub-009,sub-009_ses-T1_task-Rhyming_bold,0,0.0,0,0.161858218522844,23,0.127777777777778
ds001486_sub-0010,ds001486,sub-010,sub-010_ses-T1_task-Rhyming_bold,0,0.0,0,0.182737345680989,17,0.0977011494252874
ds001486_sub-0012,ds001486,sub-012,sub-012_ses-T1_task-Rhyming_bold,0,0.0,0,0.0891229430823793,2,0.0114942528735632
ds001486_sub-0013,ds001486,sub-013,sub-013_ses-T1_task-Rhyming_bold,16,0.0879120879120879,0,0.413749592420879,51,0.28021978021978
ds001486_sub-0014,ds001486,sub-014,sub-014_ses-T1_task-Rhyming_bold,8,0.0459770114942529,0,0.268745154450919,27,0.155172413793103
ds001486_sub-0015,ds001486,sub-015,sub-015_ses-T1_task-Rhyming_bold,7,0.0384615384615385,0,0.333472297375,37,0.203296703296703
ds001486_sub-0016,ds001486,sub-016,sub-016_ses-T1_task-Rhyming_bold,0,0.0,0,0.15763933614094,10,0.0549450549450549
ds001486_sub-0017,ds001486,sub-017,sub-017_ses-T1_task-Rhyming_bold,0,0.0,0,0.246339179363111,27,0.15
ds001486_sub-0018,ds001486,sub-018,sub-018_ses-T1_task-Rhyming_bold,0,0.0,0,0.0702220634585057,3,0.0172413793103448
ds001486_sub-0019,ds001486,sub-019,sub-019_ses-T1_task-Rhyming_bold,0,0.0,0,0.170118878071609,16,0.0919540229885057
ds001486_sub-0020,ds001486,sub-020,sub-020_ses-T1_task-Rhyming_bold,1,0.0055555555555555,0,0.547571627875555,119,0.661111111111111
ds001486_sub-0021,ds001486,sub-021,sub-021_ses-T1_task-Rhyming_bold,6,0.0344827586206897,0,0.430675266216207,82,0.471264367816092
ds001486_sub-0022,ds001486,sub-022,sub-022_ses-T1_task-Rhyming_bold,0,0.0,0,0.196025462892069,17,0.0977011494252874
ds001486_sub-0023,ds001486,sub-023,sub-023_ses-T1_task-Rhyming_bold,0,0.0,0,0.120352979353218,1,0.0057471264367816
ds001486_sub-0024,ds001486,sub-024,sub-024_ses-T1_task-Rhyming_bold,0,0.0,0,0.314373066794483,66,0.379310344827586
ds001486_sub-0025,ds001486,sub-025,sub-025_ses-T1_task-Rhyming_bold,0,0.0,0,0.238420077553787,39,0.224137931034483
ds001486_sub-0026,ds001486,sub-026,sub-026_ses-T1_task-Rhyming_bold,0,0.0,0,0.239919898809494,42,0.241379310344828
ds001486_sub-0027,ds001486,sub-027,sub-027_ses-T1_task-Rhyming_bold,0,0.0,0,0.0710565508405517,1,0.0057471264367816
ds001486_sub-0028,ds001486,sub-028,sub-028_ses-T1_task-Rhyming_bold,0,0.0,0,0.163443955464722,12,0.0666666666666667
ds001486_sub-0029,ds001486,sub-029,sub-029_ses-T1_task-Rhyming_bold,0,0.0,0,0.269286221845862,48,0.275862068965517
ds001486_sub-0030,ds001486,sub-030,sub-030_ses-T1_task-Rhyming_bold,0,0.0,0,0.133767758768276,13,0.0747126436781609
ds001486_sub-0031,ds001486,sub-031,sub-031_ses-T1_task-Rhyming_bold,0,0.0,0,0.16938874792,19,0.105555555555556
ds001486_sub-0032,ds001486,sub-032,sub-032_ses-T1_task-Rhyming_bold,2,0.0114942528735632,0,0.303724488960345,42,0.241379310344828
ds001486_sub-0033,ds001486,sub-033,sub-033_ses-T1_task-Rhyming_bold,0,0.0,0,0.173980935101611,10,0.0574712643678161
ds001486_sub-0034,ds001486,sub-034,sub-034_ses-T1_task-Rhyming_bold,0,0.0,0,0.145076431571897,19,0.109195402298851
ds001486_sub-0035,ds001486,sub-035,sub-035_ses-T1_task-Rhyming_bold,0,0.0,0,0.1258225285682,7,0.0388888888888889
ds001486_sub-0036,ds001486,sub-036,sub-036_ses-T1_task-Rhyming_bold,4,0.0229885057471264,0,0.311322344987586,47,0.270114942528736
ds001486_sub-0037,ds001486,sub-037,sub-037_ses-T1_task-Rhyming_bold,2,0.0114942528735632,0,0.389806104487471,95,0.545977011494253
ds001486_sub-0038,ds001486,sub-038,sub-038_ses-T1_task-Rhyming_bold,0,0.0,0,0.141389448121667,13,0.0722222222222222
ds001486_sub-0039,ds001486,sub-039,sub-039_ses-T1_task-Rhyming_bold,0,0.0,0,0.0827298659205713,0,0.0
ds001486_sub-0040,ds001486,sub-040,sub-040_ses-T1_task-Rhyming_bold,2,0.0114942528735632,0,0.212000654880977,26,0.149425287356322
ds001486_sub-0041,ds001486,sub-041,sub-041_ses-T1_task-Rhyming_bold,0,0.0,0,0.17501389998731,18,0.103448275862069
ds001486_sub-0042,ds001486,sub-042,sub-042_ses-T1_task-Rhyming_bold,2,0.0114942528735632,0,0.170530593820345,8,0.0459770114942529
ds001486_sub-0043,ds001486,sub-043,sub-043_ses-T1_task-Rhyming_bold,0,0.0,0,0.168703600965011,24,0.137931034482759
ds001486_sub-0044,ds001486,sub-044,sub-044_ses-T1_task-Rhyming_bold,0,0.0,0,0.0797056484533333,0,0.0
ds001486_sub-0045,ds001486,sub-045,sub-045_ses-T1_task-Rhyming_bold,0,0.0,0,0.153369405647805,9,0.0517241379310345
ds001486_sub-0046,ds001486,sub-046,sub-046_ses-T1_task-Rhyming_bold,0,0.0,0,0.0861391514110345,4,0.0229885057471264
ds001486_sub-0047,ds001486,sub-047,sub-047_ses-T1_task-Rhyming_bold,0,0.0,0,0.186012796924138,20,0.114942528735632
ds001486_sub-0048,ds001486,sub-048,sub-048_ses-T1_task-Rhyming_bold,0,0.0,0,0.172638492118448,20,0.114942528735632
ds001486_sub-0049,ds001486,sub-049,sub-049_ses-T1_task-Rhyming_bold,0,0.0,0,0.070179082833046,0,0.0
ds001486_sub-0050,ds001486,sub-050,sub-050_ses-T1_task-Rhyming_bold,0,0.0,0,0.221075073843391,37,0.21264367816092
ds001486_sub-0052,ds001486,sub-052,sub-052_ses-T1_task-Rhyming_bold,0,0.0,0,0.228854980536494,40,0.229885057471264
ds001486_sub-0053,ds001486,sub-053,sub-053_ses-T1_task-Rhyming_bold,0,0.0,0,0.447609335868161,113,0.649425287356322
ds001486_sub-0054,ds001486,sub-054,sub-054_ses-T1_task-Rhyming_bold,3,0.0172413793103448,0,0.192664981384891,11,0.0632183908045977
ds001486_sub-0055,ds001486,sub-055,sub-055_ses-T1_task-Rhyming_bold,0,0.0,0,0.183759499877931,22,0.126436781609195
ds001486_sub-0056,ds001486,sub-056,sub-056_ses-T1_task-Rhyming_bold,0,0.0,0,0.173440747626701,22,0.126436781609195
ds001486_sub-0057,ds001486,sub-057,sub-057_ses-T1_task-Rhyming_bold,0,0.0,0,0.0764117891151724,1,0.0057471264367816
ds001486_sub-0059,ds001486,sub-059,sub-059_ses-T1_task-Rhyming_bold,0,0.0,0,0.173693562227356,16,0.0919540229885057
ds001486_sub-0060,ds001486,sub-060,sub-060_ses-T1_task-Rhyming_bold,0,0.0,0,0.107616773000345,2,0.0114942528735632
ds001486_sub-0061,ds001486,sub-061,sub-061_ses-T1_task-Rhyming_bold,2,0.0114942528735632,0,0.224048170654023,23,0.132183908045977
ds001486_sub-0062,ds001486,sub-062,sub-062_ses-T1_task-Rhyming_bold,0,0.0,0,0.0934871288511494,5,0.028735632183908
ds001486_sub-0063,ds001486,sub-063,sub-063_ses-T1_task-Rhyming_bold,0,0.0,0,0.203201806940115,27,0.155172413793103
ds001486_sub-0064,ds001486,sub-064,sub-064_ses-T1_task-Rhyming_bold,0,0.0,0,0.099122392104023,4,0.0229885057471264
ds001486_sub-0065,ds001486,sub-065,sub-065_ses-T1_task-Rhyming_bold,4,0.021978021978022,0,0.486590334132967,102,0.56043956043956
ds001486_sub-0066,ds001486,sub-066,sub-066_ses-T1_task-Rhyming_bold,4,0.0222222222222222,0,0.232300391864521,31,0.172222222222222
ds001486_sub-0067,ds001486,sub-067,sub-067_ses-T1_task-Rhyming_bold,0,0.0,0,0.174434147293391,16,0.0919540229885057
ds001486_sub-0068,ds001486,sub-068,sub-068_ses-T1_task-Rhyming_bold,7,0.0402298850574713,0,0.297037986403678,35,0.201149425287356
ds001486_sub-0069,ds001486,sub-069,sub-069_ses-T1_task-Rhyming_bold,0,0.0,0,0.125738261208161,8,0.0459770114942529
ds001486_sub-0070,ds001486,sub-070,sub-070_ses-T1_task-Rhyming_bold,0,0.0,0,0.19231488812569,21,0.120689655172414
ds001486_sub-0071,ds001486,sub-071,sub-071_ses-T1_task-Rhyming_bold,4,0.0229885057471264,0,0.304972384987356,48,0.275862068965517
ds001486_sub-0072,ds001486,sub-072,sub-072_ses-T1_task-Rhyming_bold,2,0.0114942528735632,0,0.147800316509138,18,0.103448275862069
ds001486_sub-0073,ds001486,sub-073,sub-073_ses-T1_task-Rhyming_bold,0,0.0,0,0.0858865263048184,0,0.0
ds001486_sub-0074,ds001486,sub-074,sub-074_ses-T1_task-Rhyming_bold,0,0.0,0,0.118152450344253,10,0.0574712643678161
ds001486_sub-0075,ds001486,sub-075,sub-075_ses-T1_task-Rhyming_bold,0,0.0,0,0.0790737585994655,2,0.0114942528735632
ds001486_sub-0076,ds001486,sub-076,sub-076_ses-T1_task-Rhyming_bold,2,0.0114942528735632,0,0.254701238687471,29,0.166666666666667
ds001486_sub-0077,ds001486,sub-077,sub-077_ses-T1_task-Rhyming_bold,0,0.0,0,0.0943141901573563,0,0.0
ds001486_sub-0078,ds001486,sub-078,sub-078_ses-T1_task-Rhyming_bold,2,0.0114942528735632,0,0.137493775210517,6,0.0344827586206897
ds001486_sub-0079,ds001486,sub-079,sub-079_ses-T1_task-Rhyming_bold,0,0.0,0,0.27400811406695,44,0.244444444444444
ds001486_sub-0081,ds001486,sub-081,sub-081_ses-T1_task-Rhyming_bold,2,0.0114942528735632,0,0.324576858482874,56,0.32183908045977
ds001486_sub-0082,ds001486,sub-082,sub-082_ses-T1_task-Rhyming_bold,2,0.0114942528735632,0,0.185232771817471,18,0.103448275862069
ds001486_sub-0083,ds001486,sub-083,sub-083_ses-T1_task-Rhyming_bold,0,0.0,0,0.145131438441839,6,0.0344827586206897
ds001486_sub-0085,ds001486,sub-085,sub-085_ses-T1_task-Rhyming_bold,6,0.0344827586206897,0,0.248265441177931,30,0.172413793103448
ds001486_sub-0086,ds001486,sub-086,sub-086_ses-T1_task-Rhyming_bold,0,0.0,0,0.163666001458333,10,0.0574712643678161
ds001486_sub-0087,ds001486,sub-087,sub-087_ses-T1_task-Rhyming_bold,11,0.0632183908045977,0,0.390581358701552,32,0.183908045977011
ds001486_sub-0088,ds001486,sub-088,sub-088_ses-T1_task-Rhyming_bold,0,0.0,0,0.165551484754885,15,0.0862068965517241
ds001486_sub-0089,ds001486,sub-089,sub-089_ses-T1_task-Rhyming_bold,0,0.0,0,0.152897673501839,12,0.0689655172413793
ds001486_sub-0090,ds001486,sub-090,sub-090_ses-T1_task-Rhyming_bold,0,0.0,0,0.216986873401609,22,0.126436781609195
ds001486_sub-0091,ds001486,sub-091,sub-091_ses-T1_task-Rhyming_bold,0,0.0,0,0.0886743257974138,3,0.0172413793103448
ds001486_sub-0093,ds001486,sub-093,sub-093_ses-T1_task-Rhyming_bold,0,0.0,0,0.189214473202414,22,0.126436781609195
ds001486_sub-0094,ds001486,sub-094,sub-094_ses-T1_task-Rhyming_bold,0,0.0,0,0.166391806013333,9,0.0517241379310345
ds001486_sub-0095,ds001486,sub-095,sub-095_ses-T1_task-Rhyming_bold,2,0.0114942528735632,0,0.239550671248851,30,0.172413793103448
ds001486_sub-0096,ds001486,sub-096,sub-096_ses-T1_task-Rhyming_bold,0,0.0,0,0.255884333528161,41,0.235632183908046
ds001486_sub-0097,ds001486,sub-097,sub-097_ses-T1_task-Rhyming_bold,0,0.0,0,0.187355972851842,30,0.172413793103448
ds001486_sub-0098,ds001486,sub-098,sub-098_ses-T1_task-Rhyming_bold,0,0.0,0,0.141845215581897,8,0.0459770114942529
ds001486_sub-0100,ds001486,sub-100,sub-100_ses-T1_task-Rhyming_bold,0,0.0,0,0.185754763046207,22,0.126436781609195
ds001486_sub-0101,ds001486,sub-101,sub-101_ses-T1_task-Rhyming_bold,2,0.0114942528735632,0,0.244717052693345,26,0.149425287356322
ds001486_sub-0102,ds001486,sub-102,sub-102_ses-T1_task-Rhyming_bold,0,0.0,0,0.102236727594523,1,0.0057471264367816
ds001486_sub-0103,ds001486,sub-103,sub-103_ses-T1_task-Rhyming_bold,0,0.0,0,0.103553029552759,4,0.0229885057471264
ds001486_sub-0104,ds001486,sub-104,sub-104_ses-T1_task-Rhyming_bold,0,0.0,0,0.134766341986552,13,0.0747126436781609
ds001486_sub-0105,ds001486,sub-105,sub-105_ses-T1_task-Rhyming_bold,4,0.0229885057471264,0,0.374267564792299,69,0.396551724137931
ds001486_sub-0106,ds001486,sub-106,sub-106_ses-T1_task-Rhyming_bold,0,0.0,0,0.126178431691954,6,0.0344827586206897
ds001486_sub-0108,ds001486,sub-108,sub-108_ses-T1_task-Rhyming_bold,0,0.0,0,0.167777480608046,25,0.14367816091954
ds001486_sub-0109,ds001486,sub-109,sub-109_ses-T1_task-Rhyming_bold,0,0.0,0,0.119673971973736,6,0.0344827586206897
ds001486_sub-0110,ds001486,sub-110,sub-110_ses-T1_task-Rhyming_bold,0,0.0,0,0.0821265502752874,2,0.0114942528735632
ds001486_sub-0112,ds001486,sub-112,sub-112_ses-T1_task-Rhyming_bold,0,0.0,0,0.24197688356192,41,0.235632183908046
ds001486_sub-0113,ds001486,sub-113,sub-113_ses-T1_task-Rhyming_bold,0,0.0,0,0.118730288428793,8,0.0459770114942529
ds001486_sub-0114,ds001486,sub-114,sub-114_ses-T1_task-Rhyming_bold,0,0.0,0,0.158751969334483,23,0.132183908045977
ds001486_sub-0115,ds001486,sub-115,sub-115_ses-T1_task-Rhyming_bold,0,0.0,0,0.12862241597931,13,0.0747126436781609
ds001486_sub-0116,ds001486,sub-116,sub-116_ses-T1_task-Rhyming_bold,4,0.0229885057471264,0,0.508673324616092,86,0.494252873563218
ds001486_sub-0117,ds001486,sub-117,sub-117_ses-T1_task-Rhyming_bold,0,0.0,0,0.09654116056,2,0.0114942528735632
ds001486_sub-0118,ds001486,sub-118,sub-118_ses-T1_task-Rhyming_bold,0,0.0,0,0.185839609006586,28,0.160919540229885
ds001486_sub-0119,ds001486,sub-119,sub-119_ses-T1_task-Rhyming_bold,0,0.0,0,0.0787747571572069,0,0.0
ds001486_sub-0120,ds001486,sub-120,sub-120_ses-T1_task-Rhyming_bold,0,0.0,0,0.253821020778391,44,0.252873563218391
ds001486_sub-0122,ds001486,sub-122,sub-122_ses-T1_task-Rhyming_bold,0,0.0,0,0.118209477076437,3,0.0172413793103448
ds001486_sub-0123,ds001486,sub-123,sub-123_ses-T1_task-Rhyming_bold,0,0.0,0,0.0634334872484276,0,0.0
ds001486_sub-0124,ds001486,sub-124,sub-124_ses-T1_task-Rhyming_bold,0,0.0,0,0.149454968571149,12,0.0689655172413793
ds001486_sub-0125,ds001486,sub-125,sub-125_ses-T1_task-Rhyming_bold,0,0.0,0,0.107321235881379,4,0.0229885057471264
ds001486_sub-0126,ds001486,sub-126,sub-126_ses-T1_task-Rhyming_bold,4,0.0229885057471264,0,0.232425070859345,34,0.195402298850575
ds001486_sub-0127,ds001486,sub-127,sub-127_ses-T1_task-Rhyming_bold,0,0.0,0,0.160758374635345,9,0.0517241379310345
ds001486_sub-0128,ds001486,sub-128,sub-128_ses-T1_task-Rhyming_bold,0,0.0,0,0.379436411676264,90,0.517241379310345
ds001486_sub-0129,ds001486,sub-129,sub-129_ses-T1_task-Rhyming_bold,0,0.0,0,0.142742462753299,9,0.0517241379310345
ds001486_sub-0130,ds001486,sub-130,sub-130_ses-T1_task-Rhyming_bold,0,0.0,0,0.159479584785466,14,0.0804597701149425
ds001486_sub-0131,ds001486,sub-131,sub-131_ses-T1_task-Rhyming_bold,0,0.0,0,0.20379794931092,21,0.120689655172414
ds001486_sub-0132,ds001486,sub-132,sub-132_ses-T1_task-Rhyming_bold,2,0.0114942528735632,0,0.224332011690149,20,0.114942528735632
ds001894_sub-0001,ds001894,sub-001,sub-001_ses-T1_task-VVWord_run-01_bold,0,0.0,0,0.184410411680811,19,0.0969387755102041
ds001894_sub-0001,ds001894,sub-001,sub-001_ses-T1_task-VVWord_run-02_bold,0,0.0,0,0.177545938293214,26,0.13265306122449
ds001894_sub-0002,ds001894,sub-002,sub-002_ses-T1_task-VVWord_run-01_bold,3,0.0153061224489796,0,0.321330417978929,63,0.321428571428571
ds001894_sub-0002,ds001894,sub-002,sub-002_ses-T1_task-VVWord_run-02_bold,7,0.0357142857142857,0,0.533403262192651,116,0.591836734693878
ds001894_sub-0003,ds001894,sub-003,sub-003_ses-T1_task-VVWord_run-01_bold,0,0.0,0,0.256054954008673,46,0.23469387755102
ds001894_sub-0003,ds001894,sub-003,sub-003_ses-T1_task-VVWord_run-02_bold,0,0.0,0,0.152094529011939,8,0.0408163265306122
ds001894_sub-0004,ds001894,sub-004,sub-004_ses-T1_task-VVWord_run-01_bold,0,0.0,0,0.151095399389796,12,0.0612244897959184
ds001894_sub-0004,ds001894,sub-004,sub-004_ses-T1_task-VVWord_run-02_bold,0,0.0,0,0.14652739845598,16,0.0816326530612245
ds001894_sub-0005,ds001894,sub-005,sub-005_ses-T1_task-VVWord_run-01_bold,4,0.0204081632653061,0,0.302623302852036,60,0.306122448979592
ds001894_sub-0005,ds001894,sub-005,sub-005_ses-T1_task-VVWord_run-02_bold,14,0.0714285714285714,1,0.479427239189133,66,0.336734693877551
ds001894_sub-0006,ds001894,sub-006,sub-006_ses-T1_task-VVWord_run-01_bold,0,0.0,0,0.263977691499179,69,0.352040816326531
ds001894_sub-0006,ds001894,sub-006,sub-006_ses-T1_task-VVWord_run-02_bold,2,0.0102040816326531,0,0.282367957102245,66,0.336734693877551
ds001894_sub-0007,ds001894,sub-007,sub-007_ses-T1_task-VVWord_run-01_bold,0,0.0,0,0.286572121823622,52,0.26530612244898
ds001894_sub-0007,ds001894,sub-007,sub-007_ses-T1_task-VVWord_run-02_bold,4,0.0204081632653061,0,0.37097950149102,56,0.285714285714286
ds001894_sub-0008,ds001894,sub-008,sub-008_ses-T1_task-VVWord_run-01_bold,2,0.0102040816326531,0,0.164634449288102,11,0.0561224489795918
ds001894_sub-0008,ds001894,sub-008,sub-008_ses-T1_task-VVWord_run-02_bold,0,0.0,0,0.164780200944541,13,0.0663265306122449
ds001894_sub-0009,ds001894,sub-009,sub-009_ses-T1_task-VVWord_run-01_bold,0,0.0,0,0.242977794612143,33,0.168367346938776
ds001894_sub-0009,ds001894,sub-009,sub-009_ses-T1_task-VVWord_run-02_bold,0,0.0,0,0.185947894225,18,0.0918367346938776
ds001894_sub-0010,ds001894,sub-010,sub-010_ses-T1_task-VVWord_run-01_bold,0,0.0,0,0.129277214483827,3,0.0153061224489796
ds001894_sub-0010,ds001894,sub-010,sub-010_ses-T1_task-VVWord_run-02_bold,0,0.0,0,0.129099177719286,5,0.0255102040816327
ds001894_sub-0011,ds001894,sub-011,sub-011_ses-T1_task-VVWord_run-01_bold,0,0.0,0,0.126571366138265,9,0.0459183673469388
ds001894_sub-0011,ds001894,sub-011,sub-011_ses-T1_task-VVWord_run-02_bold,0,0.0,0,0.111972059948265,3,0.0153061224489796
ds001894_sub-0012,ds001894,sub-012,sub-012_ses-T1_task-VVWord_run-01_bold,0,0.0,0,0.110650893069337,11,0.0561224489795918
ds001894_sub-0012,ds001894,sub-012,sub-012_ses-T1_task-VVWord_run-02_bold,0,0.0,0,0.109424434405918,11,0.0561224489795918
ds001894_sub-0013,ds001894,sub-013,sub-013_ses-T1_task-VVWord_run-01_bold,6,0.0306122448979592,0,0.374741246492194,61,0.311224489795918
ds001894_sub-0013,ds001894,sub-013,sub-013_ses-T1_task-VVWord_run-02_bold,9,0.0459183673469388,0,0.390805375575204,55,0.280612244897959
ds001894_sub-0014,ds001894,sub-014,sub-014_ses-T1_task-VVWord_run-01_bold,4,0.0204081632653061,0,0.39246719724949,99,0.505102040816326
ds001894_sub-0014,ds001894,sub-014,sub-014_ses-T1_task-VVWord_run-02_bold,0,0.0,0,0.355070546056714,85,0.433673469387755
ds001894_sub-0016,ds001894,sub-016,sub-016_ses-T1_task-VVWord_run-01_bold,0,0.0,0,0.158462193039439,6,0.0306122448979592
ds001894_sub-0016,ds001894,sub-016,sub-016_ses-T1_task-VVWord_run-02_bold,0,0.0,0,0.147118129508163,1,0.0051020408163265
ds001894_sub-0017,ds001894,sub-017,sub-017_ses-T1_task-VVWord_run-01_bold,0,0.0,0,0.0981347452651531,7,0.0357142857142857
ds001894_sub-0017,ds001894,sub-017,sub-017_ses-T1_task-VVWord_run-02_bold,0,0.0,0,0.0937994792142704,7,0.0357142857142857
ds001894_sub-0018,ds001894,sub-018,sub-018_ses-T1_task-VVWord_run-01_bold,0,0.0,0,0.12194207369975,5,0.0255102040816327
ds001894_sub-0018,ds001894,sub-018,sub-018_ses-T1_task-VVWord_run-02_bold,0,0.0,0,0.167025908217449,16,0.0816326530612245
ds001894_sub-0019,ds001894,sub-019,sub-019_ses-T1_task-VVWord_run-01_bold,6,0.0306122448979592,0,0.285595991175,42,0.214285714285714
ds001894_sub-0019,ds001894,sub-019,sub-019_ses-T1_task-VVWord_run-02_bold,3,0.0153061224489796,0,0.264469984011954,38,0.193877551020408
ds001894_sub-0020,ds001894,sub-020,sub-020_ses-T1_task-VVWord_run-01_bold,2,0.0102040816326531,0,0.231668629688878,43,0.219387755102041
ds001894_sub-0020,ds001894,sub-020,sub-020_ses-T1_task-VVWord_run-02_bold,6,0.0306122448979592,0,0.424041492196275,72,0.36734693877551
ds001894_sub-0021,ds001894,sub-021,sub-021_ses-T1_task-VVWord_run-01_bold,0,0.0,0,0.233374127509796,42,0.214285714285714
ds001894_sub-0021,ds001894,sub-021,sub-021_ses-T1_task-VVWord_run-02_bold,0,0.0,0,0.219874586541327,37,0.188775510204082
ds001894_sub-0022,ds001894,sub-022,sub-022_ses-T1_task-VVWord_run-01_bold,0,0.0,0,0.22614697258,37,0.188775510204082
ds001894_sub-0022,ds001894,sub-022,sub-022_ses-T1_task-VVWord_run-02_bold,0,0.0,0,0.189441103921939,19,0.0969387755102041
ds001894_sub-0023,ds001894,sub-023,sub-023_ses-T1_task-VVWord_run-01_bold,0,0.0,0,0.152429867569082,8,0.0408163265306122
ds001894_sub-0023,ds001894,sub-023,sub-023_ses-T1_task-VVWord_run-02_bold,2,0.0102040816326531,0,0.252943211470204,41,0.209183673469388
ds001894_sub-0024,ds001894,sub-024,sub-024_ses-T1_task-VVWord_run-01_bold,7,0.0357142857142857,0,0.410714270844394,52,0.26530612244898
ds001894_sub-0024,ds001894,sub-024,sub-024_ses-T1_task-VVWord_run-02_bold,31,0.158163265306122,0,0.930817046123522,123,0.627551020408163
ds001894_sub-0025,ds001894,sub-025,sub-025_ses-T1_task-VVWord_run-01_bold,6,0.0307692307692308,0,0.346387500213128,41,0.21025641025641
ds001894_sub-0025,ds001894,sub-025,sub-025_ses-T1_task-VVWord_run-02_bold,11,0.0561224489795918,0,0.376810033331735,59,0.301020408163265
ds001894_sub-0026,ds001894,sub-026,sub-026_ses-T1_task-VVWord_run-01_bold,0,0.0,0,0.15450250493449,12,0.0612244897959184
ds001894_sub-0026,ds001894,sub-026,sub-026_ses-T1_task-VVWord_run-02_bold,0,0.0,0,0.144160936926327,7,0.0357142857142857
ds001894_sub-0027,ds001894,sub-027,sub-027_ses-T1_task-VVWord_run-01_bold,0,0.0,0,0.17415878913648,18,0.0918367346938776
ds001894_sub-0027,ds001894,sub-027,sub-027_ses-T1_task-VVWord_run-02_bold,0,0.0,0,0.165929369106949,13,0.0663265306122449
ds001894_sub-0028,ds001894,sub-028,sub-028_ses-T1_task-VVWord_run-01_bold,4,0.0204081632653061,0,0.437939557997653,84,0.428571428571429
ds001894_sub-0028,ds001894,sub-028,sub-028_ses-T1_task-VVWord_run-02_bold,22,0.112244897959184,1,0.73592538859949,132,0.673469387755102
ds001894_sub-0029,ds001894,sub-029,sub-029_ses-T1_task-VVWord_run-01_bold,0,0.0,0,0.26437531821148,59,0.301020408163265
ds001894_sub-0029,ds001894,sub-029,sub-029_ses-T1_task-VVWord_run-02_bold,0,0.0,0,0.256127348308837,60,0.306122448979592
ds001894_sub-0030,ds001894,sub-030,sub-030_ses-T1_task-VVWord_run-01_bold,2,0.0102040816326531,0,0.238004353751469,33,0.168367346938776
ds001894_sub-0030,ds001894,sub-030,sub-030_ses-T1_task-VVWord_run-02_bold,0,0.0,0,0.182265857867041,13,0.0663265306122449
ds001894_sub-0032,ds001894,sub-032,sub-032_ses-T1_task-VVWord_run-01_bold,0,0.0,0,0.130576169260255,2,0.0102040816326531
ds001894_sub-0032,ds001894,sub-032,sub-032_ses-T1_task-VVWord_run-02_bold,2,0.0102040816326531,0,0.247214074805821,20,0.102040816326531
ds001894_sub-0033,ds001894,sub-033,sub-033_ses-T1_task-VVWord_run-01_bold,4,0.0204081632653061,0,0.204240533667347,25,0.127551020408163
ds001894_sub-0033,ds001894,sub-033,sub-033_ses-T1_task-VVWord_run-02_bold,4,0.0204081632653061,0,0.194253192176735,24,0.122448979591837
ds001894_sub-0035,ds001894,sub-035,sub-035_ses-T1_task-VVWord_run-01_bold,0,0.0,0,0.157588690164643,19,0.0969387755102041
ds001894_sub-0035,ds001894,sub-035,sub-035_ses-T1_task-VVWord_run-02_bold,0,0.0,0,0.106135292710102,4,0.0204081632653061
ds001894_sub-0036,ds001894,sub-036,sub-036_ses-T1_task-VVWord_run-01_bold,0,0.0,0,0.0441813949574286,0,0.0
ds001894_sub-0036,ds001894,sub-036,sub-036_ses-T1_task-VVWord_run-02_bold,0,0.0,0,0.0491164311270918,0,0.0
ds001894_sub-0037,ds001894,sub-037,sub-037_ses-T1_task-VVWord_run-01_bold,3,0.0153061224489796,0,0.353068422497551,79,0.403061224489796
ds001894_sub-0037,ds001894,sub-037,sub-037_ses-T1_task-VVWord_run-02_bold,18,0.0918367346938776,0,0.686434942046939,123,0.627551020408163
ds001894_sub-0038,ds001894,sub-038,sub-038_ses-T1_task-VVWord_run-01_bold,0,0.0,0,0.222113384995408,27,0.137755102040816
ds001894_sub-0038,ds001894,sub-038,sub-038_ses-T1_task-VVWord_run-02_bold,0,0.0,0,0.191375577300765,23,0.11734693877551
ds001894_sub-0039,ds001894,sub-039,sub-039_ses-T1_task-VVWord_run-01_bold,0,0.0,0,0.11892473651501,11,0.0561224489795918
ds001894_sub-0039,ds001894,sub-039,sub-039_ses-T1_task-VVWord_run-02_bold,0,0.0,0,0.101568343330163,5,0.0255102040816327
ds001894_sub-0040,ds001894,sub-040,sub-040_ses-T1_task-VVWord_run-01_bold,9,0.0459183673469388,0,0.550355546189286,118,0.602040816326531
ds001894_sub-0040,ds001894,sub-040,sub-040_ses-T1_task-VVWord_run-02_bold,4,0.0204081632653061,0,0.363790466612245,88,0.448979591836735
ds001894_sub-0041,ds001894,sub-041,sub-041_ses-T1_task-VVWord_run-01_bold,2,0.0102040816326531,0,0.237071999163265,34,0.173469387755102
ds001894_sub-0041,ds001894,sub-041,sub-041_ses-T1_task-VVWord_run-02_bold,4,0.0204081632653061,0,0.36451378787,68,0.346938775510204
ds001894_sub-0043,ds001894,sub-043,sub-043_ses-T1_task-VVWord_run-01_bold,0,0.0,0,0.119379777146327,3,0.0153061224489796
ds001894_sub-0043,ds001894,sub-043,sub-043_ses-T1_task-VVWord_run-02_bold,0,0.0,0,0.129389651256173,8,0.0408163265306122
ds001894_sub-0044,ds001894,sub-044,sub-044_ses-T1_task-VVWord_run-01_bold,0,0.0,0,0.259063865697959,60,0.306122448979592
ds001894_sub-0044,ds001894,sub-044,sub-044_ses-T1_task-VVWord_run-02_bold,0,0.0,0,0.243141024530816,46,0.23469387755102
ds001894_sub-0045,ds001894,sub-045,sub-045_ses-T1_task-VVWord_run-01_bold,5,0.0255102040816327,0,0.409092072474082,74,0.377551020408163
ds001894_sub-0045,ds001894,sub-045,sub-045_ses-T1_task-VVWord_run-02_bold,7,0.0357142857142857,0,0.408331081854082,59,0.301020408163265
ds001894_sub-0046,ds001894,sub-046,sub-046_ses-T1_task-VVWord_run-01_bold,0,0.0,0,0.165574311634796,15,0.076530612244898
ds001894_sub-0046,ds001894,sub-046,sub-046_ses-T1_task-VVWord_run-02_bold,0,0.0,0,0.176645971014898,20,0.102040816326531
ds001894_sub-0048,ds001894,sub-048,sub-048_ses-T1_task-VVWord_run-01_bold,0,0.0,0,0.141924494944566,6,0.0306122448979592
ds001894_sub-0048,ds001894,sub-048,sub-048_ses-T1_task-VVWord_run-02_bold,0,0.0,0,0.169727086907449,15,0.076530612244898
ds001894_sub-0049,ds001894,sub-049,sub-049_ses-T1_task-VVWord_run-01_bold,10,0.0510204081632653,0,0.363127273499796,57,0.290816326530612
ds001894_sub-0049,ds001894,sub-049,sub-049_ses-T1_task-VVWord_run-02_bold,31,0.158163265306122,1,0.767974593786827,90,0.459183673469388
ds001894_sub-0050,ds001894,sub-050,sub-050_ses-T1_task-VVWord_run-01_bold,0,0.0,0,0.193440483903827,30,0.153061224489796
ds001894_sub-0050,ds001894,sub-050,sub-050_ses-T1_task-VVWord_run-02_bold,0,0.0,0,0.144377313813878,14,0.0714285714285714
ds001894_sub-0051,ds001894,sub-051,sub-051_ses-T1_task-VVWord_run-01_bold,10,0.0510204081632653,0,0.559002636666939,90,0.459183673469388
ds001894_sub-0051,ds001894,sub-051,sub-051_ses-T1_task-VVWord_run-02_bold,23,0.11734693877551,0,0.895127211362245,135,0.688775510204082
ds001894_sub-0052,ds001894,sub-052,sub-052_ses-T1_task-VVWord_run-01_bold,0,0.0,0,0.0845142827577041,1,0.0051020408163265
ds001894_sub-0052,ds001894,sub-052,sub-052_ses-T1_task-VVWord_run-02_bold,0,0.0,0,0.0921402519605102,4,0.0204081632653061
ds001894_sub-0053,ds001894,sub-053,sub-053_ses-T1_task-VVWord_run-01_bold,0,0.0,0,0.0871821704017194,3,0.0153061224489796
ds001894_sub-0053,ds001894,sub-053,sub-053_ses-T1_task-VVWord_run-02_bold,0,0.0,0,0.117948447948112,9,0.0459183673469388
ds001894_sub-0054,ds001894,sub-054,sub-054_ses-T1_task-VVWord_run-01_bold,14,0.0714285714285714,0,0.657534302734694,106,0.540816326530612
ds001894_sub-0054,ds001894,sub-054,sub-054_ses-T1_task-VVWord_run-02_bold,9,0.0459183673469388,0,0.561432626583071,98,0.5
ds001894_sub-0055,ds001894,sub-055,sub-055_ses-T1_task-VVWord_run-01_bold,0,0.0,0,0.113446020007653,9,0.0459183673469388
ds001894_sub-0055,ds001894,sub-055,sub-055_ses-T1_task-VVWord_run-02_bold,0,0.0,0,0.0944738799903061,5,0.0255102040816327
ds001894_sub-0056,ds001894,sub-056,sub-056_ses-T1_task-VVWord_run-01_bold,0,0.0,0,0.339450891775612,76,0.387755102040816
ds001894_sub-0056,ds001894,sub-056,sub-056_ses-T1_task-VVWord_run-02_bold,0,0.0,0,0.2173381731675,48,0.244897959183673
ds001894_sub-0057,ds001894,sub-057,sub-057_ses-T1_task-VVWord_run-01_bold,0,0.0,0,0.125872588972889,9,0.0459183673469388
ds001894_sub-0057,ds001894,sub-057,sub-057_ses-T1_task-VVWord_run-02_bold,0,0.0,0,0.125775071204235,11,0.0561224489795918
ds001894_sub-0058,ds001894,sub-058,sub-058_ses-T1_task-VVWord_run-01_bold,21,0.107142857142857,0,0.786171755083163,134,0.683673469387755
ds001894_sub-0058,ds001894,sub-058,sub-058_ses-T1_task-VVWord_run-02_bold,5,0.0255102040816327,0,0.483273188955561,91,0.464285714285714
ds001894_sub-0059,ds001894,sub-059,sub-059_ses-T1_task-VVWord_run-01_bold,0,0.0,0,0.127547124271071,9,0.0459183673469388
ds001894_sub-0059,ds001894,sub-059,sub-059_ses-T1_task-VVWord_run-02_bold,0,0.0,0,0.186543242435,28,0.142857142857143
ds001894_sub-0060,ds001894,sub-060,sub-060_ses-T1_task-VVWord_run-01_bold,0,0.0,0,0.0933147466745539,2,0.0102564102564103
ds001894_sub-0060,ds001894,sub-060,sub-060_ses-T1_task-VVWord_run-02_bold,0,0.0,0,0.0980909124734694,6,0.0306122448979592
ds001894_sub-0061,ds001894,sub-061,sub-061_ses-T1_task-VVWord_run-01_bold,13,0.0663265306122449,0,0.442437281436837,52,0.26530612244898
ds001894_sub-0061,ds001894,sub-061,sub-061_ses-T1_task-VVWord_run-02_bold,6,0.0306122448979592,0,0.36236350650648,51,0.260204081632653
ds001894_sub-0062,ds001894,sub-062,sub-062_ses-T1_task-VVWord_run-01_bold,0,0.0,0,0.147827059699745,14,0.0714285714285714
ds001894_sub-0062,ds001894,sub-062,sub-062_ses-T1_task-VVWord_run-02_bold,0,0.0,0,0.194999038480265,27,0.137755102040816
ds001894_sub-0063,ds001894,sub-063,sub-063_ses-T1_task-VVWord_run-01_bold,0,0.0,0,0.0884896649397959,7,0.0357142857142857
ds001894_sub-0063,ds001894,sub-063,sub-063_ses-T1_task-VVWord_run-02_bold,0,0.0,0,0.0708345952734388,3,0.0153061224489796
ds001894_sub-0066,ds001894,sub-066,sub-066_ses-T1_task-VVWord_run-01_bold,0,0.0,0,0.23948873145051,39,0.198979591836735
ds001894_sub-0066,ds001894,sub-066,sub-066_ses-T1_task-VVWord_run-02_bold,0,0.0,0,0.177871365180918,22,0.112244897959184
ds001894_sub-0067,ds001894,sub-067,sub-067_ses-T1_task-VVWord_run-01_bold,0,0.0,0,0.103674312452286,2,0.0102040816326531
ds001894_sub-0067,ds001894,sub-067,sub-067_ses-T1_task-VVWord_run-02_bold,0,0.0,0,0.119013414888163,3,0.0153061224489796
ds001894_sub-0068,ds001894,sub-068,sub-068_ses-T1_task-VVWord_run-01_bold,0,0.0,0,0.137961304805327,8,0.0408163265306122
ds001894_sub-0068,ds001894,sub-068,sub-068_ses-T1_task-VVWord_run-02_bold,0,0.0,0,0.168145528861,6,0.0306122448979592
ds001894_sub-0069,ds001894,sub-069,sub-069_ses-T1_task-VVWord_run-01_bold,16,0.0816326530612245,0,0.535504033473674,80,0.408163265306122
ds001894_sub-0069,ds001894,sub-069,sub-069_ses-T1_task-VVWord_run-02_bold,35,0.178571428571429,1,0.80642762563801,87,0.443877551020408
ds001894_sub-0070,ds001894,sub-070,sub-070_ses-T1_task-VVWord_run-01_bold,0,0.0,0,0.197501476349622,31,0.158163265306122
ds001894_sub-0070,ds001894,sub-070,sub-070_ses-T1_task-VVWord_run-02_bold,1,0.0051020408163265,0,0.361226511647515,75,0.38265306122449
ds001894_sub-0071,ds001894,sub-071,sub-071_ses-T1_task-VVWord_run-01_bold,0,0.0,0,0.148127007641898,4,0.0204081632653061
ds001894_sub-0071,ds001894,sub-071,sub-071_ses-T1_task-VVWord_run-02_bold,0,0.0,0,0.200104045261735,24,0.122448979591837
ds001894_sub-0074,ds001894,sub-074,sub-074_ses-T1_task-VVWord_run-01_bold,0,0.0,0,0.167853578741786,26,0.13265306122449
ds001894_sub-0074,ds001894,sub-074,sub-074_ses-T1_task-VVWord_run-02_bold,0,0.0,0,0.142398762916786,14,0.0714285714285714
ds001894_sub-0075,ds001894,sub-075,sub-075_ses-T1_task-VVWord_run-01_bold,4,0.0204081632653061,0,0.311348589617653,56,0.285714285714286
ds001894_sub-0075,ds001894,sub-075,sub-075_ses-T1_task-VVWord_run-02_bold,7,0.0357142857142857,0,0.366196272826531,59,0.301020408163265
ds001894_sub-0076,ds001894,sub-076,sub-076_ses-T1_task-VVWord_run-01_bold,0,0.0,0,0.219631227137449,45,0.229591836734694
ds001894_sub-0076,ds001894,sub-076,sub-076_ses-T1_task-VVWord_run-02_bold,0,0.0,0,0.228890015587449,43,0.219387755102041
ds001894_sub-0077,ds001894,sub-077,sub-077_ses-T1_task-VVWord_run-01_bold,0,0.0,0,0.227094026164796,37,0.188775510204082
ds001894_sub-0077,ds001894,sub-077,sub-077_ses-T1_task-VVWord_run-02_bold,0,0.0,0,0.2118398661525,33,0.168367346938776
ds001894_sub-0078,ds001894,sub-078,sub-078_ses-T1_task-VVWord_run-01_bold,4,0.0204081632653061,0,0.255065846925918,27,0.137755102040816
ds001894_sub-0078,ds001894,sub-078,sub-078_ses-T1_task-VVWord_run-02_bold,27,0.137755102040816,1,0.871759220646377,106,0.540816326530612
ds001894_sub-0081,ds001894,sub-081,sub-081_ses-T1_task-VVWord_run-01_bold,0,0.0,0,0.200484724894184,27,0.137755102040816
ds001894_sub-0081,ds001894,sub-081,sub-081_ses-T1_task-VVWord_run-02_bold,0,0.0,0,0.213530388492602,30,0.153061224489796
ds001894_sub-0082,ds001894,sub-082,sub-082_ses-T1_task-VVWord_run-01_bold,0,0.0,0,0.109152703112622,3,0.0153061224489796
ds001894_sub-0082,ds001894,sub-082,sub-082_ses-T1_task-VVWord_run-02_bold,0,0.0,0,0.11758964793049,6,0.0306122448979592
ds001894_sub-0084,ds001894,sub-084,sub-084_ses-T1_task-VVWord_run-01_bold,0,0.0,0,0.113743993777699,11,0.0561224489795918
ds001894_sub-0084,ds001894,sub-084,sub-084_ses-T1_task-VVWord_run-02_bold,0,0.0,0,0.124490403542908,18,0.0918367346938776
ds001894_sub-0085,ds001894,sub-085,sub-085_ses-T1_task-VVWord_run-01_bold,4,0.0204081632653061,0,0.330766165225408,56,0.285714285714286
ds001894_sub-0085,ds001894,sub-085,sub-085_ses-T1_task-VVWord_run-02_bold,0,0.0,0,0.230086091339541,48,0.244897959183673
ds001894_sub-0086,ds001894,sub-086,sub-086_ses-T1_task-VVWord_run-01_bold,0,0.0,0,0.303912034530816,93,0.474489795918367
ds001894_sub-0086,ds001894,sub-086,sub-086_ses-T1_task-VVWord_run-02_bold,0,0.0,0,0.330021434411209,89,0.454081632653061
ds001894_sub-0087,ds001894,sub-087,sub-087_ses-T1_task-VVWord_run-01_bold,0,0.0,0,0.122901643198673,3,0.0153061224489796
ds001894_sub-0087,ds001894,sub-087,sub-087_ses-T1_task-VVWord_run-02_bold,0,0.0,0,0.128987355220969,1,0.0051020408163265
ds001894_sub-0089,ds001894,sub-089,sub-089_ses-T1_task-VVWord_run-01_bold,0,0.0,0,0.196422749790306,28,0.142857142857143
ds001894_sub-0089,ds001894,sub-089,sub-089_ses-T1_task-VVWord_run-02_bold,0,0.0,0,0.182245553395918,21,0.107142857142857
ds001894_sub-0090,ds001894,sub-090,sub-090_ses-T1_task-VVWord_run-01_bold,0,0.0,0,0.224870013363775,35,0.178571428571429
ds001894_sub-0090,ds001894,sub-090,sub-090_ses-T1_task-VVWord_run-02_bold,5,0.0255102040816327,0,0.266071306253643,38,0.193877551020408
ds001894_sub-0091,ds001894,sub-091,sub-091_ses-T1_task-VVWord_run-01_bold,0,0.0,0,0.214658746901224,38,0.193877551020408
ds001894_sub-0091,ds001894,sub-091,sub-091_ses-T1_task-VVWord_run-02_bold,13,0.0663265306122449,0,0.517110364809184,73,0.372448979591837
ds001894_sub-0092,ds001894,sub-092,sub-092_ses-T1_task-VVWord_run-01_bold,4,0.0204081632653061,0,0.283596772556403,41,0.209183673469388
ds001894_sub-0092,ds001894,sub-092,sub-092_ses-T1_task-VVWord_run-02_bold,11,0.0561224489795918,1,0.642360551115918,69,0.352040816326531
ds001894_sub-0093,ds001894,sub-093,sub-093_ses-T1_task-VVWord_run-01_bold,0,0.0,0,0.127173618595612,14,0.0714285714285714
ds001894_sub-0093,ds001894,sub-093,sub-093_ses-T1_task-VVWord_run-02_bold,1,0.0051020408163265,0,0.185604352375204,30,0.153061224489796
ds001894_sub-0094,ds001894,sub-094,sub-094_ses-T1_task-VVWord_run-01_bold,8,0.0408163265306122,0,0.330701324910296,49,0.25
ds001894_sub-0094,ds001894,sub-094,sub-094_ses-T1_task-VVWord_run-02_bold,4,0.0198019801980198,0,0.237877030929802,28,0.138613861386139
ds001894_sub-0096,ds001894,sub-096,sub-096_ses-T1_task-VVWord_run-01_bold,2,0.0102040816326531,0,0.179853453970898,19,0.0969387755102041
ds001894_sub-0096,ds001894,sub-096,sub-096_ses-T1_task-VVWord_run-02_bold,4,0.0204081632653061,0,0.302744247327041,52,0.26530612244898
ds001894_sub-0098,ds001894,sub-098,sub-098_ses-T1_task-VVWord_run-01_bold,0,0.0,0,0.0789855480284694,2,0.0102040816326531
ds001894_sub-0098,ds001894,sub-098,sub-098_ses-T1_task-VVWord_run-02_bold,0,0.0,0,0.0903708579416837,3,0.0153061224489796
ds001894_sub-0100,ds001894,sub-100,sub-100_ses-T1_task-VVWord_run-01_bold,0,0.0,0,0.279114999757959,50,0.255102040816327
ds001894_sub-0100,ds001894,sub-100,sub-100_ses-T1_task-VVWord_run-02_bold,8,0.0408163265306122,0,0.370649327903061,49,0.25
ds001894_sub-0101,ds001894,sub-101,sub-101_ses-T1_task-VVWord_run-01_bold,0,0.0,0,0.0949873416143265,5,0.0255102040816327
ds001894_sub-0101,ds001894,sub-101,sub-101_ses-T1_task-VVWord_run-02_bold,0,0.0,0,0.0912648760408163,5,0.0255102040816327
ds001894_sub-0102,ds001894,sub-102,sub-102_ses-T1_task-VVWord_run-01_bold,0,0.0,0,0.126627475406153,7,0.0357142857142857
ds001894_sub-0102,ds001894,sub-102,sub-102_ses-T1_task-VVWord_run-02_bold,0,0.0,0,0.167551446462755,21,0.107142857142857
ds001894_sub-0104,ds001894,sub-104,sub-104_ses-T1_task-VVWord_run-01_bold,2,0.0102040816326531,0,0.385271622453877,63,0.321428571428571
ds001894_sub-0104,ds001894,sub-104,sub-104_ses-T1_task-VVWord_run-02_bold,10,0.0510204081632653,0,0.586451651135714,127,0.647959183673469
ds001894_sub-0105,ds001894,sub-105,sub-105_ses-T1_task-VVWord_run-01_bold,41,0.209183673469388,2,1.18133867041735,125,0.637755102040816
ds001894_sub-0105,ds001894,sub-105,sub-105_ses-T1_task-VVWord_run-02_bold,11,0.0561224489795918,0,0.484864220147551,75,0.38265306122449
ds001894_sub-0108,ds001894,sub-108,sub-108_ses-T1_task-VVWord_run-01_bold,0,0.0,0,0.131588580304592,13,0.0663265306122449
ds001894_sub-0108,ds001894,sub-108,sub-108_ses-T1_task-VVWord_run-02_bold,0,0.0,0,0.101937218596939,4,0.0204081632653061
ds001894_sub-0109,ds001894,sub-109,sub-109_ses-T1_task-VVWord_run-01_bold,38,0.193877551020408,2,0.964063165408163,86,0.438775510204082
ds001894_sub-0109,ds001894,sub-109,sub-109_ses-T1_task-VVWord_run-02_bold,13,0.0663265306122449,0,0.455189836588469,54,0.275510204081633
ds001894_sub-0110,ds001894,sub-110,sub-110_ses-T1_task-VVWord_run-01_bold,0,0.0,0,0.118103403336837,7,0.0357142857142857
ds001894_sub-0110,ds001894,sub-110,sub-110_ses-T1_task-VVWord_run-02_bold,0,0.0,0,0.111999850761939,6,0.0306122448979592
ds001894_sub-0111,ds001894,sub-111,sub-111_ses-T1_task-VVWord_run-01_bold,0,0.0,0,0.173098844586173,24,0.122448979591837
ds001894_sub-0111,ds001894,sub-111,sub-111_ses-T1_task-VVWord_run-02_bold,0,0.0,0,0.135102601986327,14,0.0714285714285714
ds001894_sub-0112,ds001894,sub-112,sub-112_ses-T1_task-VVWord_run-01_bold,0,0.0,0,0.108910271935184,5,0.0255102040816327
ds001894_sub-0112,ds001894,sub-112,sub-112_ses-T1_task-VVWord_run-02_bold,0,0.0,0,0.0820051000064796,0,0.0
ds001894_sub-0113,ds001894,sub-113,sub-113_ses-T1_task-VVWord_run-01_bold,36,0.183673469387755,0,1.09959012419398,117,0.596938775510204
ds001894_sub-0113,ds001894,sub-113,sub-113_ses-T1_task-VVWord_run-02_bold,0,0.0,0,0.140507961154184,18,0.0918367346938776
ds001894_sub-0115,ds001894,sub-115,sub-115_ses-T1_task-VVWord_run-01_bold,5,0.0255102040816327,0,0.291050756284286,31,0.158163265306122
ds001894_sub-0115,ds001894,sub-115,sub-115_ses-T1_task-VVWord_run-02_bold,0,0.0,0,0.138847984188469,13,0.0663265306122449
ds001894_sub-0116,ds001894,sub-116,sub-116_ses-T1_task-VVWord_run-01_bold,0,0.0,0,0.211967678422561,41,0.209183673469388
ds001894_sub-0116,ds001894,sub-116,sub-116_ses-T1_task-VVWord_run-02_bold,0,0.0,0,0.142655550972827,7,0.0357142857142857
ds001894_sub-0117,ds001894,sub-117,sub-117_ses-T1_task-VVWord_run-01_bold,0,0.0,0,0.0880464536877551,0,0.0
ds001894_sub-0117,ds001894,sub-117,sub-117_ses-T1_task-VVWord_run-02_bold,0,0.0,0,0.0642352339067347,0,0.0
ds001894_sub-0119,ds001894,sub-119,sub-119_ses-T1_task-VVWord_run-01_bold,0,0.0,0,0.150648349204582,12,0.0612244897959184
ds001894_sub-0119,ds001894,sub-119,sub-119_ses-T1_task-VVWord_run-02_bold,1,0.0051020408163265,0,0.149923519701378,12,0.0612244897959184
ds001894_sub-0120,ds001894,sub-120,sub-120_ses-T1_task-VVWord_run-01_bold,0,0.0,0,0.0982797846147092,10,0.0510204081632653
ds001894_sub-0120,ds001894,sub-120,sub-120_ses-T1_task-VVWord_run-02_bold,0,0.0,0,0.133617969774204,21,0.107142857142857
ds001894_sub-0123,ds001894,sub-123,sub-123_ses-T1_task-VVWord_run-01_bold,0,0.0,0,0.128949092085714,7,0.0357142857142857
ds001894_sub-0123,ds001894,sub-123,sub-123_ses-T1_task-VVWord_run-02_bold,0,0.0,0,0.115471152247296,7,0.0357142857142857
ds001894_sub-0125,ds001894,sub-125,sub-125_ses-T1_task-VVWord_run-01_bold,0,0.0,0,0.0916432850724847,1,0.0051020408163265
ds001894_sub-0125,ds001894,sub-125,sub-125_ses-T1_task-VVWord_run-02_bold,0,0.0,0,0.111016857140612,7,0.0357142857142857
ds001894_sub-0127,ds001894,sub-127,sub-127_ses-T1_task-VVWord_run-01_bold,4,0.0204081632653061,0,0.323121655067958,52,0.26530612244898
ds001894_sub-0127,ds001894,sub-127,sub-127_ses-T1_task-VVWord_run-02_bold,15,0.076530612244898,0,0.439896432173469,82,0.418367346938776
ds001894_sub-0128,ds001894,sub-128,sub-128_ses-T1_task-VVWord_run-01_bold,0,0.0,0,0.143145109425306,11,0.0561224489795918
ds001894_sub-0128,ds001894,sub-128,sub-128_ses-T1_task-VVWord_run-02_bold,0,0.0,0,0.121948107187755,2,0.0102040816326531
ds001894_sub-0131,ds001894,sub-131,sub-131_ses-T1_task-VVWord_run-01_bold,0,0.0,0,0.247602466820714,52,0.26530612244898
ds001894_sub-0131,ds001894,sub-131,sub-131_ses-T1_task-VVWord_run-02_bold,2,0.0099009900990099,0,0.262899748777723,51,0.252475247524752
ds001894_sub-0132,ds001894,sub-132,sub-132_ses-T1_task-VVWord_run-01_bold,0,0.0,0,0.134936494936939,12,0.0612244897959184
ds001894_sub-0132,ds001894,sub-132,sub-132_ses-T1_task-VVWord_run-02_bold,0,0.0,0,0.120747555623265,4,0.0204081632653061
ds001894_sub-0133,ds001894,sub-133,sub-133_ses-T1_task-VVWord_run-01_bold,0,0.0,0,0.215753351761786,28,0.142857142857143
ds001894_sub-0133,ds001894,sub-133,sub-133_ses-T1_task-VVWord_run-02_bold,0,0.0,0,0.159004677981531,10,0.0510204081632653
ds001894_sub-0134,ds001894,sub-134,sub-134_ses-T1_task-VVWord_run-01_bold,0,0.0,0,0.111614286068878,5,0.0255102040816327
ds001894_sub-0134,ds001894,sub-134,sub-134_ses-T1_task-VVWord_run-02_bold,0,0.0,0,0.138112842314408,7,0.0357142857142857
ds001894_sub-0135,ds001894,sub-135,sub-135_ses-T1_task-VVWord_run-01_bold,0,0.0,0,0.0827641275021428,4,0.0204081632653061
ds001894_sub-0135,ds001894,sub-135,sub-135_ses-T1_task-VVWord_run-02_bold,0,0.0,0,0.143144626486959,20,0.102040816326531
ds001894_sub-0136,ds001894,sub-136,sub-136_ses-T1_task-VVWord_run-01_bold,4,0.0204081632653061,0,0.276819837639592,50,0.255102040816327
ds001894_sub-0136,ds001894,sub-136,sub-136_ses-T1_task-VVWord_run-02_bold,2,0.0102040816326531,0,0.381794625901632,56,0.285714285714286
ds001894_sub-0137,ds001894,sub-137,sub-137_ses-T1_task-VVWord_run-01_bold,52,0.26530612244898,2,1.01170938669898,141,0.719387755102041
ds001894_sub-0137,ds001894,sub-137,sub-137_ses-T1_task-VVWord_run-02_bold,0,0.0,0,0.123674350212551,7,0.0357142857142857
ds001894_sub-0138,ds001894,sub-138,sub-138_ses-T1_task-VVWord_run-01_bold,2,0.0102040816326531,0,0.20126254146301,24,0.122448979591837
ds001894_sub-0138,ds001894,sub-138,sub-138_ses-T1_task-VVWord_run-02_bold,6,0.0306122448979592,0,0.297874599452959,53,0.270408163265306
ds001894_sub-0139,ds001894,sub-139,sub-139_ses-T1_task-VVWord_run-01_bold,0,0.0,0,0.159875585953163,25,0.127551020408163
ds001894_sub-0139,ds001894,sub-139,sub-139_ses-T1_task-VVWord_run-02_bold,0,0.0,0,0.154462556013082,24,0.122448979591837
ds001894_sub-0140,ds001894,sub-140,sub-140_ses-T1_task-VVWord_run-01_bold,3,0.0153061224489796,0,0.318503233056224,43,0.219387755102041
ds001894_sub-0140,ds001894,sub-140,sub-140_ses-T1_task-VVWord_run-02_bold,0,0.0,0,0.202348489779898,30,0.153061224489796
ds001894_sub-0141,ds001894,sub-141,sub-141_ses-T1_task-VVWord_run-01_bold,0,0.0,0,0.164606642473469,15,0.076530612244898
ds001894_sub-0141,ds001894,sub-141,sub-141_ses-T1_task-VVWord_run-02_bold,0,0.0,0,0.266452186044235,42,0.214285714285714
ds001894_sub-0142,ds001894,sub-142,sub-142_ses-T1_task-VVWord_run-01_bold,13,0.0663265306122449,0,0.548419908288775,80,0.408163265306122
ds001894_sub-0142,ds001894,sub-142,sub-142_ses-T1_task-VVWord_run-02_bold,25,0.127551020408163,1,0.771415424089898,103,0.525510204081633
ds001894_sub-0143,ds001894,sub-143,sub-143_ses-T1_task-VVWord_run-01_bold,0,0.0,0,0.176789592934459,18,0.0918367346938776
ds001894_sub-0143,ds001894,sub-143,sub-143_ses-T1_task-VVWord_run-02_bold,0,0.0,0,0.182378598127908,19,0.0969387755102041
ds001894_sub-0144,ds001894,sub-144,sub-144_ses-T1_task-VVWord_run-01_bold,4,0.0204081632653061,0,0.353339716754163,55,0.280612244897959
ds001894_sub-0144,ds001894,sub-144,sub-144_ses-T1_task-VVWord_run-02_bold,0,0.0,0,0.144093254150714,12,0.0612244897959184
ds001894_sub-0146,ds001894,sub-146,sub-146_ses-T1_task-VVWord_run-01_bold,0,0.0,0,0.269480178217347,49,0.25
ds001894_sub-0146,ds001894,sub-146,sub-146_ses-T1_task-VVWord_run-02_bold,2,0.0102040816326531,0,0.314526048565102,63,0.321428571428571
ds001894_sub-0148,ds001894,sub-148,sub-148_ses-T1_task-VVWord_run-01_bold,0,0.0,0,0.124410415439388,5,0.0255102040816327
ds001894_sub-0148,ds001894,sub-148,sub-148_ses-T1_task-VVWord_run-02_bold,0,0.0,0,0.147344765384184,18,0.0918367346938776
ds001894_sub-0150,ds001894,sub-150,sub-150_ses-T1_task-VVWord_run-01_bold,0,0.0,0,0.171198321950367,11,0.0561224489795918
ds001894_sub-0150,ds001894,sub-150,sub-150_ses-T1_task-VVWord_run-02_bold,0,0.0,0,0.164042185495918,5,0.0255102040816327
ds001894_sub-0151,ds001894,sub-151,sub-151_ses-T1_task-VVWord_run-01_bold,12,0.0612244897959184,0,0.395482846846429,60,0.306122448979592
ds001894_sub-0151,ds001894,sub-151,sub-151_ses-T1_task-VVWord_run-02_bold,0,0.0,0,0.169302553208571,17,0.086734693877551
ds001894_sub-0152,ds001894,sub-152,sub-152_ses-T1_task-VVWord_run-01_bold,0,0.0,0,0.0956647922742857,7,0.0357142857142857
ds001894_sub-0152,ds001894,sub-152,sub-152_ses-T1_task-VVWord_run-02_bold,3,0.0153061224489796,0,0.194699337867857,29,0.147959183673469
ds001894_sub-0157,ds001894,sub-157,sub-157_ses-T1_task-VVWord_run-01_bold,0,0.0,0,0.109709989830612,4,0.0204081632653061
ds001894_sub-0157,ds001894,sub-157,sub-157_ses-T1_task-VVWord_run-02_bold,0,0.0,0,0.0772907170468827,0,0.0
ds001894_sub-0159,ds001894,sub-159,sub-159_ses-T1_task-VVWord_run-01_bold,2,0.0102040816326531,0,0.149946720430102,10,0.0510204081632653
ds001894_sub-0159,ds001894,sub-159,sub-159_ses-T1_task-VVWord_run-02_bold,0,0.0,0,0.147864444965765,9,0.0459183673469388
ds001894_sub-0160,ds001894,sub-160,sub-160_ses-T1_task-VVWord_run-01_bold,0,0.0,0,0.207296862034429,35,0.178571428571429
ds001894_sub-0160,ds001894,sub-160,sub-160_ses-T1_task-VVWord_run-02_bold,0,0.0,0,0.264639630780408,50,0.255102040816327
ds001894_sub-0161,ds001894,sub-161,sub-161_ses-T1_task-VVWord_run-01_bold,0,0.0,0,0.161028294841327,7,0.0357142857142857
ds001894_sub-0161,ds001894,sub-161,sub-161_ses-T1_task-VVWord_run-02_bold,0,0.0,0,0.162525281523367,14,0.0714285714285714
ds001894_sub-0162,ds001894,sub-162,sub-162_ses-T1_task-VVWord_run-01_bold,0,0.0,0,0.127362425626531,6,0.0306122448979592
ds001894_sub-0162,ds001894,sub-162,sub-162_ses-T1_task-VVWord_run-02_bold,2,0.0102040816326531,0,0.190804308313776,17,0.086734693877551
ds001894_sub-0163,ds001894,sub-163,sub-163_ses-T1_task-VVWord_run-01_bold,0,0.0,0,0.312102027763775,75,0.38265306122449
ds001894_sub-0163,ds001894,sub-163,sub-163_ses-T1_task-VVWord_run-02_bold,0,0.0,0,0.26726664968749,61,0.311224489795918
ds001894_sub-0164,ds001894,sub-164,sub-164_ses-T1_task-VVWord_run-01_bold,0,0.0,0,0.122586474608163,10,0.0510204081632653
ds001894_sub-0164,ds001894,sub-164,sub-164_ses-T1_task-VVWord_run-02_bold,0,0.0,0,0.137131854850745,13,0.0663265306122449
ds001894_sub-0165,ds001894,sub-165,sub-165_ses-T1_task-VVWord_run-01_bold,0,0.0,0,0.19656263749551,24,0.122448979591837
ds001894_sub-0165,ds001894,sub-165,sub-165_ses-T1_task-VVWord_run-02_bold,0,0.0,0,0.266257288937755,64,0.326530612244898
ds001894_sub-0167,ds001894,sub-167,sub-167_ses-T1_task-VVWord_run-01_bold,2,0.0102040816326531,0,0.312994097721337,68,0.346938775510204
ds001894_sub-0167,ds001894,sub-167,sub-167_ses-T1_task-VVWord_run-02_bold,0,0.0,0,0.28925628684898,63,0.321428571428571
ds001894_sub-0168,ds001894,sub-168,sub-168_ses-T1_task-VVWord_run-01_bold,0,0.0,0,0.107622311672959,3,0.0153061224489796
ds001894_sub-0168,ds001894,sub-168,sub-168_ses-T1_task-VVWord_run-02_bold,0,0.0,0,0.150651312426071,9,0.0459183673469388
ds001894_sub-0169,ds001894,sub-169,sub-169_ses-T1_task-VVWord_run-01_bold,0,0.0,0,0.143429401845255,14,0.0714285714285714
ds001894_sub-0169,ds001894,sub-169,sub-169_ses-T1_task-VVWord_run-02_bold,4,0.0204081632653061,0,0.325798837341959,51,0.260204081632653
ds001894_sub-0170,ds001894,sub-170,sub-170_ses-T1_task-VVWord_run-01_bold,0,0.0,0,0.244458729950714,43,0.219387755102041
ds001894_sub-0170,ds001894,sub-170,sub-170_ses-T1_task-VVWord_run-02_bold,23,0.11734693877551,0,0.535519293453265,77,0.392857142857143
ds001894_sub-0172,ds001894,sub-172,sub-172_ses-T1_task-VVWord_run-01_bold,0,0.0,0,0.144558980329388,3,0.0153061224489796
ds001894_sub-0172,ds001894,sub-172,sub-172_ses-T1_task-VVWord_run-02_bold,0,0.0,0,0.143373120933622,4,0.0204081632653061
ds001894_sub-0174,ds001894,sub-174,sub-174_ses-T1_task-VVWord_run-01_bold,0,0.0,0,0.136135710245459,12,0.0612244897959184
ds001894_sub-0174,ds001894,sub-174,sub-174_ses-T1_task-VVWord_run-02_bold,0,0.0,0,0.128975381334184,14,0.0714285714285714
ds001894_sub-0175,ds001894,sub-175,sub-175_ses-T1_task-VVWord_run-01_bold,16,0.0816326530612245,1,0.627369827137755,120,0.612244897959184
ds001894_sub-0175,ds001894,sub-175,sub-175_ses-T1_task-VVWord_run-02_bold,22,0.112244897959184,1,0.982180334494357,113,0.576530612244898
ds001894_sub-0176,ds001894,sub-176,sub-176_ses-T1_task-VVWord_run-01_bold,0,0.0,0,0.20214766344898,33,0.168367346938776
ds001894_sub-0176,ds001894,sub-176,sub-176_ses-T1_task-VVWord_run-02_bold,0,0.0,0,0.325992579422449,65,0.331632653061224
ds001894_sub-0177,ds001894,sub-177,sub-177_ses-T1_task-VVWord_run-01_bold,0,0.0,0,0.23534206729499,38,0.193877551020408
ds001894_sub-0177,ds001894,sub-177,sub-177_ses-T1_task-VVWord_run-02_bold,7,0.0357142857142857,0,0.467946352288367,92,0.469387755102041
ds001894_sub-0181,ds001894,sub-181,sub-181_ses-T1_task-VVWord_run-01_bold,2,0.0102040816326531,0,0.161631948530204,20,0.102040816326531
ds001894_sub-0181,ds001894,sub-181,sub-181_ses-T1_task-VVWord_run-02_bold,15,0.076530612244898,0,0.494569830868367,66,0.336734693877551
ds001894_sub-0182,ds001894,sub-182,sub-182_ses-T1_task-VVWord_run-01_bold,0,0.0,0,0.157973249263061,16,0.0816326530612245
ds001894_sub-0182,ds001894,sub-182,sub-182_ses-T1_task-VVWord_run-02_bold,0,0.0,0,0.103726477684184,5,0.0255102040816327
ds001894_sub-0184,ds001894,sub-184,sub-184_ses-T1_task-VVWord_run-01_bold,0,0.0,0,0.149413603476224,13,0.0663265306122449
ds001894_sub-0184,ds001894,sub-184,sub-184_ses-T1_task-VVWord_run-02_bold,2,0.0102040816326531,0,0.190536200546684,21,0.107142857142857
ds001894_sub-0185,ds001894,sub-185,sub-185_ses-T1_task-VVWord_run-01_bold,0,0.0,0,0.201337170302041,33,0.168367346938776
ds001894_sub-0185,ds001894,sub-185,sub-185_ses-T1_task-VVWord_run-02_bold,12,0.0612244897959184,0,0.441264040670714,80,0.408163265306122
ds001894_sub-0186,ds001894,sub-186,sub-186_ses-T1_task-VVWord_run-01_bold,0,0.0,0,0.143268186531888,6,0.0306122448979592
ds001894_sub-0186,ds001894,sub-186,sub-186_ses-T1_task-VVWord_run-02_bold,0,0.0,0,0.135099002305449,13,0.0663265306122449
ds001894_sub-0187,ds001894,sub-187,sub-187_ses-T1_task-VVWord_run-01_bold,19,0.0969387755102041,1,0.562074787180459,80,0.408163265306122
ds001894_sub-0187,ds001894,sub-187,sub-187_ses-T1_task-VVWord_run-02_bold,0,0.0,0,0.508889833103061,129,0.658163265306122
ds001894_sub-0188,ds001894,sub-188,sub-188_ses-T1_task-VVWord_run-01_bold,5,0.0255102040816327,0,0.563074473690867,142,0.724489795918367
ds001894_sub-0188,ds001894,sub-188,sub-188_ses-T1_task-VVWord_run-02_bold,10,0.0510204081632653,0,0.603856249804286,127,0.647959183673469
ds002236_sub-0001,ds002236,sub-01,sub-01_task-VisRhyme_run-01_bold,0,0.0,0,0.141501358045333,16,0.0666666666666667
ds002236_sub-0001,ds002236,sub-01,sub-01_task-VisRhyme_run-02_bold,0,0.0,0,0.158973053111083,19,0.0791666666666667
ds002236_sub-0002,ds002236,sub-02,sub-02_task-VisRhyme_run-01_bold,0,0.0,0,0.16933703491442,33,0.1375
ds002236_sub-0002,ds002236,sub-02,sub-02_task-VisRhyme_run-02_bold,0,0.0,0,0.166991263271542,33,0.1375
ds002236_sub-0003,ds002236,sub-03,sub-03_task-VisRhyme_run-01_bold,2,0.0083333333333333,0,0.1748311053085,30,0.125
ds002236_sub-0003,ds002236,sub-03,sub-03_task-VisRhyme_run-02_bold,0,0.0,0,0.182171784959154,35,0.145833333333333
ds002236_sub-0004,ds002236,sub-04,sub-04_task-VisRhyme_run-01_bold,0,0.0,0,0.203517926409417,44,0.183333333333333
ds002236_sub-0004,ds002236,sub-04,sub-04_task-VisRhyme_run-02_bold,2,0.0083333333333333,0,0.17902600464125,37,0.154166666666667
ds002236_sub-0005,ds002236,sub-05,sub-05_task-VisRhyme_run-01_bold,0,0.0,0,0.129666133616333,25,0.104166666666667
ds002236_sub-0005,ds002236,sub-05,sub-05_task-VisRhyme_run-02_bold,0,0.0,0,0.178299989103125,49,0.204166666666667
ds002236_sub-0006,ds002236,sub-06,sub-06_task-VisRhyme_run-01_bold,0,0.0,0,0.0958359744421667,7,0.0291666666666667
ds002236_sub-0006,ds002236,sub-06,sub-06_task-VisRhyme_run-02_bold,0,0.0,0,0.092835108397975,8,0.0333333333333333
ds002236_sub-0007,ds002236,sub-07,sub-07_task-VisRhyme_run-01_bold,0,0.0,0,0.0768657387075,0,0.0
ds002236_sub-0007,ds002236,sub-07,sub-07_task-VisRhyme_run-02_bold,0,0.0,0,0.0839271799399167,1,0.0041666666666666
ds002236_sub-0008,ds002236,sub-08,sub-08_task-VisRhyme_run-01_bold,2,0.0083333333333333,0,0.174837452832083,22,0.0916666666666667
ds002236_sub-0008,ds002236,sub-08,sub-08_task-VisRhyme_run-02_bold,5,0.0208333333333333,0,0.267023096719892,45,0.1875
ds002236_sub-0009,ds002236,sub-09,sub-09_task-VisRhyme_run-01_bold,2,0.0083333333333333,0,0.2209629242535,40,0.166666666666667
ds002236_sub-0009,ds002236,sub-09,sub-09_task-VisRhyme_run-02_bold,12,0.05,0,0.455110482271667,72,0.3
ds002236_sub-0010,ds002236,sub-10,sub-10_task-VisRhyme_run-01_bold,0,0.0,0,0.158160907304042,17,0.0708333333333333
ds002236_sub-0010,ds002236,sub-10,sub-10_task-VisRhyme_run-02_bold,2,0.0083333333333333,0,0.192468673690842,28,0.116666666666667
ds002236_sub-0011,ds002236,sub-11,sub-11_task-VisRhyme_run-01_bold,43,0.179166666666667,0,0.8696965792645,125,0.520833333333333
ds002236_sub-0011,ds002236,sub-11,sub-11_task-VisRhyme_run-02_bold,35,0.145833333333333,2,0.926004682967292,127,0.529166666666667
ds002236_sub-0012,ds002236,sub-12,sub-12_task-VisRhyme_run-01_bold,3,0.0125,0,0.774498095406042,209,0.870833333333333
ds002236_sub-0012,ds002236,sub-12,sub-12_task-VisRhyme_run-02_bold,21,0.0875,0,0.728178064994667,179,0.745833333333333
ds002236_sub-0013,ds002236,sub-13,sub-13_task-VisRhyme_run-01_bold,0,0.0,0,0.1018388280825,3,0.0125
ds002236_sub-0013,ds002236,sub-13,sub-13_task-VisRhyme_run-02_bold,0,0.0,0,0.0940181907395833,2,0.0083333333333333
ds002236_sub-0014,ds002236,sub-14,sub-14_task-VisRhyme_run-01_bold,0,0.0,0,0.217981571111583,39,0.1625
ds002236_sub-0014,ds002236,sub-14,sub-14_task-VisRhyme_run-02_bold,11,0.0458333333333333,0,0.576998807791667,83,0.345833333333333
ds002236_sub-0015,ds002236,sub-15,sub-15_task-VisRhyme_run-01_bold,34,0.141666666666667,0,1.02510596371354,162,0.675
ds002236_sub-0015,ds002236,sub-15,sub-15_task-VisRhyme_run-02_bold,47,0.195833333333333,1,0.9819478370475,151,0.629166666666667
ds002236_sub-0016,ds002236,sub-16,sub-16_task-VisRhyme_run-01_bold,0,0.0,0,0.229535163562,51,0.2125
ds002236_sub-0016,ds002236,sub-16,sub-16_task-VisRhyme_run-02_bold,0,0.0,0,0.228141153730875,46,0.191666666666667
ds002236_sub-0017,ds002236,sub-17,sub-17_task-VisRhyme_run-01_bold,0,0.0,0,0.1316429889625,9,0.0375
ds002236_sub-0017,ds002236,sub-17,sub-17_task-VisRhyme_run-02_bold,0,0.0,0,0.155997423541375,23,0.0958333333333333
ds002236_sub-0018,ds002236,sub-18,sub-18_task-VisRhyme_run-01_bold,0,0.0,0,0.090694513097375,6,0.025
ds002236_sub-0018,ds002236,sub-18,sub-18_task-VisRhyme_run-02_bold,0,0.0,0,0.214237752381417,59,0.245833333333333
ds002236_sub-0019,ds002236,sub-19,sub-19_task-VisRhyme_run-01_bold,0,0.0,0,0.0791162920908333,2,0.0083333333333333
ds002236_sub-0019,ds002236,sub-19,sub-19_task-VisRhyme_run-02_bold,0,0.0,0,0.0721242376165417,1,0.0041666666666666
ds002236_sub-0021,ds002236,sub-21,sub-21_task-VisRhyme_run-01_bold,0,0.0,0,0.14274532870275,18,0.075
ds002236_sub-0021,ds002236,sub-21,sub-21_task-VisRhyme_run-02_bold,2,0.0083333333333333,0,0.192597353069375,35,0.145833333333333
ds002236_sub-0022,ds002236,sub-22,sub-22_task-VisRhyme_run-01_bold,4,0.0166666666666667,0,0.172018562998375,22,0.0916666666666667
ds002236_sub-0022,ds002236,sub-22,sub-22_task-VisRhyme_run-02_bold,13,0.0541666666666667,0,0.308243704795512,52,0.216666666666667
ds002236_sub-0023,ds002236,sub-23,sub-23_task-VisRhyme_run-01_bold,0,0.0,0,0.1043925106355,2,0.0083333333333333
ds002236_sub-0023,ds002236,sub-23,sub-23_task-VisRhyme_run-02_bold,0,0.0,0,0.129542047185,8,0.0333333333333333
ds002236_sub-0024,ds002236,sub-24,sub-24_task-VisRhyme_run-01_bold,0,0.0,0,0.0844857162376667,4,0.0166666666666667
ds002236_sub-0024,ds002236,sub-24,sub-24_task-VisRhyme_run-02_bold,0,0.0,0,0.116246290915167,9,0.0375
ds002236_sub-0025,ds002236,sub-25,sub-25_task-VisRhyme_run-01_bold,4,0.0166666666666667,0,0.165653699131958,20,0.0833333333333333
ds002236_sub-0025,ds002236,sub-25,sub-25_task-VisRhyme_run-02_bold,0,0.0,0,0.103063440339375,5,0.0208333333333333
ds002236_sub-0026,ds002236,sub-26,sub-26_task-VisRhyme_run-01_bold,2,0.0083333333333333,0,0.238435440400833,44,0.183333333333333
ds002236_sub-0026,ds002236,sub-26,sub-26_task-VisRhyme_run-02_bold,2,0.0083333333333333,0,0.273999867465917,66,0.275
ds002236_sub-0027,ds002236,sub-27,sub-27_task-VisRhyme_run-01_bold,14,0.0583333333333333,0,0.584364873984583,120,0.5
ds002236_sub-0027,ds002236,sub-27,sub-27_task-VisRhyme_run-02_bold,4,0.0166666666666667,0,0.37012638189175,113,0.470833333333333
ds002236_sub-0029,ds002236,sub-29,sub-29_task-VisRhyme_run-01_bold,0,0.0,0,0.181908482735625,34,0.141666666666667
ds002236_sub-0029,ds002236,sub-29,sub-29_task-VisRhyme_run-02_bold,0,0.0,0,0.161775362929208,19,0.0791666666666667
ds002236_sub-0030,ds002236,sub-30,sub-30_task-VisRhyme_run-01_bold,0,0.0,0,0.229386859576358,50,0.208333333333333
ds002236_sub-0030,ds002236,sub-30,sub-30_task-VisRhyme_run-02_bold,0,0.0,0,0.218058463961792,46,0.191666666666667
ds002236_sub-0031,ds002236,sub-31,sub-31_task-VisRhyme_run-01_bold,0,0.0,0,0.103274388442125,5,0.0208333333333333
ds002236_sub-0031,ds002236,sub-31,sub-31_task-VisRhyme_run-02_bold,0,0.0,0,0.0532047562928625,0,0.0
ds002236_sub-0032,ds002236,sub-32,sub-32_task-VisRhyme_run-01_bold,0,0.0,0,0.110925323607958,8,0.0333333333333333
ds002236_sub-0032,ds002236,sub-32,sub-32_task-VisRhyme_run-02_bold,0,0.0,0,0.104219146826875,8,0.0333333333333333
ds002236_sub-0033,ds002236,sub-33,sub-33_task-VisRhyme_run-01_bold,2,0.0083333333333333,0,0.37733832320575,113,0.470833333333333
ds002236_sub-0033,ds002236,sub-33,sub-33_task-VisRhyme_run-02_bold,7,0.0291666666666667,0,0.5591306872305,140,0.583333333333333
ds002236_sub-0035,ds002236,sub-35,sub-35_task-VisRhyme_run-01_bold,0,0.0,0,0.220839801955108,50,0.208333333333333
ds002236_sub-0035,ds002236,sub-35,sub-35_task-VisRhyme_run-02_bold,0,0.0,0,0.135967453482167,21,0.0875
ds002236_sub-0036,ds002236,sub-36,sub-36_task-VisRhyme_run-01_bold,0,0.0,0,0.09915110643125,6,0.025
ds002236_sub-0036,ds002236,sub-36,sub-36_task-VisRhyme_run-02_bold,0,0.0,0,0.0881325547774583,4,0.0166666666666667
ds002236_sub-0037,ds002236,sub-37,sub-37_task-VisRhyme_run-01_bold,0,0.0,0,0.228923024269267,46,0.191666666666667
ds002236_sub-0037,ds002236,sub-37,sub-37_task-VisRhyme_run-02_bold,29,0.120833333333333,1,0.708093759564075,90,0.375
ds002236_sub-0038,ds002236,sub-38,sub-38_task-VisRhyme_run-01_bold,0,0.0,0,0.128159355174087,3,0.0125
ds002236_sub-0038,ds002236,sub-38,sub-38_task-VisRhyme_run-02_bold,0,0.0,0,0.142805513555817,11,0.0458333333333333
ds002236_sub-0039,ds002236,sub-39,sub-39_task-VisRhyme_run-01_bold,60,0.25,2,1.83363223433792,174,0.725
ds002236_sub-0039,ds002236,sub-39,sub-39_task-VisRhyme_run-02_bold,30,0.125,0,0.812583871040083,91,0.379166666666667
ds002236_sub-0041,ds002236,sub-41,sub-41_task-VisRhyme_run-01_bold,0,0.0,0,0.112935892061936,12,0.05
ds002236_sub-0041,ds002236,sub-41,sub-41_task-VisRhyme_run-02_bold,2,0.0083333333333333,0,0.152354743235125,15,0.0625
ds002236_sub-0042,ds002236,sub-42,sub-42_task-VisRhyme_run-01_bold,0,0.0,0,0.354466209184583,131,0.545833333333333
ds002236_sub-0042,ds002236,sub-42,sub-42_task-VisRhyme_run-02_bold,0,0.0,0,0.220684156988667,39,0.1625
ds002236_sub-0043,ds002236,sub-43,sub-43_task-VisRhyme_run-01_bold,0,0.0,0,0.366946359156417,102,0.425
ds002236_sub-0043,ds002236,sub-43,sub-43_task-VisRhyme_run-02_bold,0,0.0,0,0.212807931095,44,0.183333333333333
ds002236_sub-0044,ds002236,sub-44,sub-44_task-VisRhyme_run-01_bold,0,0.0,0,0.482551022188667,164,0.683333333333333
ds002236_sub-0044,ds002236,sub-44,sub-44_task-VisRhyme_run-02_bold,0,0.0,0,0.1596195038625,22,0.0916666666666667
ds002236_sub-0045,ds002236,sub-45,sub-45_task-VisRhyme_run-01_bold,0,0.0,0,0.126696003311083,9,0.0375
ds002236_sub-0045,ds002236,sub-45,sub-45_task-VisRhyme_run-02_bold,0,0.0,0,0.170085432170133,31,0.129166666666667
ds002236_sub-0046,ds002236,sub-46,sub-46_task-VisRhyme_run-01_bold,0,0.0,0,0.1581662391025,17,0.0708333333333333
ds002236_sub-0046,ds002236,sub-46,sub-46_task-VisRhyme_run-02_bold,0,0.0,0,0.182936761758167,35,0.145833333333333
ds002236_sub-0047,ds002236,sub-47,sub-47_task-VisRhyme_run-01_bold,0,0.0,0,0.107975898191708,2,0.0083333333333333
ds002236_sub-0047,ds002236,sub-47,sub-47_task-VisRhyme_run-02_bold,0,0.0,0,0.0887108294614167,0,0.0
ds002236_sub-0048,ds002236,sub-48,sub-48_task-VisRhyme_run-01_bold,0,0.0,0,0.1224292042475,5,0.0208333333333333
ds002236_sub-0048,ds002236,sub-48,sub-48_task-VisRhyme_run-02_bold,0,0.0,0,0.136105729947888,3,0.0125
ds002236_sub-0049,ds002236,sub-49,sub-49_task-VisRhyme_run-01_bold,0,0.0,0,0.182872025316833,36,0.15
ds002236_sub-0049,ds002236,sub-49,sub-49_task-VisRhyme_run-02_bold,2,0.0083333333333333,0,0.274621130981583,62,0.258333333333333
ds002236_sub-0050,ds002236,sub-50,sub-50_task-VisRhyme_run-01_bold,2,0.0083333333333333,0,0.155762080683471,19,0.0791666666666667
ds002236_sub-0050,ds002236,sub-50,sub-50_task-VisRhyme_run-02_bold,0,0.0,0,0.112905936882392,4,0.0166666666666667
ds002236_sub-0051,ds002236,sub-51,sub-51_task-VisRhyme_run-01_bold,0,0.0,0,0.219730421634167,51,0.2125
ds002236_sub-0051,ds002236,sub-51,sub-51_task-VisRhyme_run-02_bold,0,0.0,0,0.111918690399458,17,0.0708333333333333
ds002236_sub-0052,ds002236,sub-52,sub-52_task-VisRhyme_run-01_bold,0,0.0,0,0.0846855188171417,1,0.0041666666666666
ds002236_sub-0052,ds002236,sub-52,sub-52_task-VisRhyme_run-02_bold,0,0.0,0,0.0883833168534166,2,0.0083333333333333
ds002236_sub-0053,ds002236,sub-53,sub-53_task-VisRhyme_run-01_bold,0,0.0,0,0.168100108015833,12,0.05
ds002236_sub-0053,ds002236,sub-53,sub-53_task-VisRhyme_run-02_bold,0,0.0,0,0.199171545531625,25,0.104166666666667
ds002236_sub-0055,ds002236,sub-55,sub-55_task-VisRhyme_run-01_bold,21,0.0875,0,0.614237924760333,66,0.275
ds002236_sub-0055,ds002236,sub-55,sub-55_task-VisRhyme_run-02_bold,0,0.0,0,0.21476261064475,34,0.141666666666667
ds002236_sub-0056,ds002236,sub-56,sub-56_task-VisRhyme_run-01_bold,0,0.0,0,0.158923853401458,19,0.0791666666666667
ds002236_sub-0056,ds002236,sub-56,sub-56_task-VisRhyme_run-02_bold,0,0.0,0,0.165013496319688,23,0.0958333333333333
ds002236_sub-0057,ds002236,sub-57,sub-57_task-VisRhyme_run-01_bold,0,0.0,0,0.088850778851525,1,0.0041666666666666
ds002236_sub-0057,ds002236,sub-57,sub-57_task-VisRhyme_run-02_bold,0,0.0,0,0.088128451465525,2,0.0083333333333333
ds002236_sub-0058,ds002236,sub-58,sub-58_task-VisRhyme_run-01_bold,0,0.0,0,0.379189429187875,128,0.533333333333333
ds002236_sub-0058,ds002236,sub-58,sub-58_task-VisRhyme_run-02_bold,0,0.0,0,0.324377057887083,93,0.3875
ds002236_sub-0059,ds002236,sub-59,sub-59_task-VisRhyme_run-01_bold,2,0.0083333333333333,0,0.324524273837083,98,0.408333333333333
ds002236_sub-0059,ds002236,sub-59,sub-59_task-VisRhyme_run-02_bold,0,0.0,0,0.353778512134583,116,0.483333333333333
ds002236_sub-0060,ds002236,sub-60,sub-60_task-VisRhyme_run-01_bold,0,0.0,0,0.0948543129932667,1,0.0041666666666666
ds002236_sub-0060,ds002236,sub-60,sub-60_task-VisRhyme_run-02_bold,0,0.0,0,0.122846257829583,8,0.0333333333333333
ds002236_sub-0061,ds002236,sub-61,sub-61_task-VisRhyme_run-01_bold,0,0.0,0,0.1640465403045,23,0.0958333333333333
ds002236_sub-0061,ds002236,sub-61,sub-61_task-VisRhyme_run-02_bold,0,0.0,0,0.193476246330583,33,0.1375
ds002236_sub-0062,ds002236,sub-62,sub-62_task-VisRhyme_run-01_bold,0,0.0,0,0.333382632289417,101,0.420833333333333
ds002236_sub-0062,ds002236,sub-62,sub-62_task-VisRhyme_run-02_bold,5,0.0208333333333333,0,0.506707724110583,147,0.6125
ds002236_sub-0063,ds002236,sub-63,sub-63_task-VisRhyme_run-01_bold,19,0.0791666666666667,0,0.499658428771625,83,0.345833333333333
ds002236_sub-0063,ds002236,sub-63,sub-63_task-VisRhyme_run-02_bold,12,0.05,0,0.379744066143333,64,0.266666666666667
ds002236_sub-0064,ds002236,sub-64,sub-64_task-VisRhyme_run-01_bold,0,0.0,0,0.123816917470083,9,0.0375
ds002236_sub-0064,ds002236,sub-64,sub-64_task-VisRhyme_run-02_bold,0,0.0,0,0.125908182403,13,0.0541666666666667
ds002236_sub-0065,ds002236,sub-65,sub-65_task-VisRhyme_run-01_bold,0,0.0,0,0.188939128785417,24,0.1
ds002236_sub-0065,ds002236,sub-65,sub-65_task-VisRhyme_run-02_bold,0,0.0,0,0.19086526255575,35,0.145833333333333
ds002236_sub-0066,ds002236,sub-66,sub-66_task-VisRhyme_run-01_bold,0,0.0,0,0.177320650538083,22,0.0916666666666667
ds002236_sub-0066,ds002236,sub-66,sub-66_task-VisRhyme_run-02_bold,0,0.0,0,0.0922572878977083,2,0.0083333333333333
ds002236_sub-0068,ds002236,sub-68,sub-68_task-VisRhyme_run-01_bold,0,0.0,0,0.123985075969333,3,0.0125
ds002236_sub-0068,ds002236,sub-68,sub-68_task-VisRhyme_run-02_bold,0,0.0,0,0.132751905640958,11,0.0458333333333333
ds002236_sub-0069,ds002236,sub-69,sub-69_task-VisRhyme_run-01_bold,6,0.025,0,0.226183996772371,29,0.120833333333333
ds002236_sub-0069,ds002236,sub-69,sub-69_task-VisRhyme_run-02_bold,3,0.0125,0,0.10974778826925,10,0.0416666666666667
ds002236_sub-0071,ds002236,sub-71,sub-71_task-VisRhyme_run-01_bold,0,0.0,0,0.274151525570428,71,0.295833333333333
ds002236_sub-0071,ds002236,sub-71,sub-71_task-VisRhyme_run-02_bold,0,0.0,0,0.255377186973583,67,0.279166666666667
ds002236_sub-0073,ds002236,sub-73,sub-73_task-VisRhyme_run-01_bold,17,0.0708333333333333,0,0.604121703878333,131,0.545833333333333
ds002236_sub-0073,ds002236,sub-73,sub-73_task-VisRhyme_run-02_bold,9,0.0375,0,0.491859070068417,127,0.529166666666667
ds002236_sub-0074,ds002236,sub-74,sub-74_task-VisRhyme_run-01_bold,0,0.0,0,0.180412848997125,33,0.1375
ds002236_sub-0074,ds002236,sub-74,sub-74_task-VisRhyme_run-02_bold,0,0.0,0,0.194614752141042,33,0.1375
ds002236_sub-0075,ds002236,sub-75,sub-75_task-VisRhyme_run-01_bold,0,0.0,0,0.233311257411583,60,0.25
ds002236_sub-0075,ds002236,sub-75,sub-75_task-VisRhyme_run-02_bold,5,0.0208333333333333,0,0.267034419209,55,0.229166666666667
ds002236_sub-0076,ds002236,sub-76,sub-76_task-VisRhyme_run-01_bold,0,0.0,0,0.0855536202236667,0,0.0
ds002236_sub-0076,ds002236,sub-76,sub-76_task-VisRhyme_run-02_bold,0,0.0,0,0.106687585953042,2,0.0083333333333333
ds002236_sub-0077,ds002236,sub-77,sub-77_task-VisRhyme_run-01_bold,0,0.0,0,0.0889248261468333,3,0.0125
ds002236_sub-0077,ds002236,sub-77,sub-77_task-VisRhyme_run-02_bold,9,0.0375,0,0.39251407788125,79,0.329166666666667
ds002236_sub-0079,ds002236,sub-79,sub-79_task-VisRhyme_run-01_bold,4,0.0166666666666667,0,0.282140936589583,54,0.225
ds002236_sub-0079,ds002236,sub-79,sub-79_task-VisRhyme_run-02_bold,5,0.0208333333333333,0,0.283599631935399,50,0.208333333333333
ds002236_sub-0080,ds002236,sub-80,sub-80_task-VisRhyme_run-01_bold,0,0.0,0,0.19706699418,40,0.166666666666667
ds002236_sub-0080,ds002236,sub-80,sub-80_task-VisRhyme_run-02_bold,0,0.0,0,0.162513504269983,18,0.075
ds002236_sub-0081,ds002236,sub-81,sub-81_task-VisRhyme_run-01_bold,0,0.0,0,0.174825401411083,22,0.0916666666666667
ds002236_sub-0081,ds002236,sub-81,sub-81_task-VisRhyme_run-02_bold,4,0.0166666666666667,0,0.251477230848096,37,0.154166666666667
ds002236_sub-0082,ds002236,sub-82,sub-82_task-VisRhyme_run-01_bold,11,0.0458333333333333,0,0.422927505936642,55,0.229166666666667
ds002236_sub-0082,ds002236,sub-82,sub-82_task-VisRhyme_run-02_bold,4,0.0166666666666667,0,0.246912173632667,39,0.1625
ds002236_sub-0083,ds002236,sub-83,sub-83_task-VisRhyme_run-01_bold,0,0.0,0,0.0926039908491667,6,0.025
ds002236_sub-0083,ds002236,sub-83,sub-83_task-VisRhyme_run-02_bold,3,0.0125,0,0.164894417959583,18,0.075
ds002236_sub-0084,ds002236,sub-84,sub-84_task-VisRhyme_run-01_bold,0,0.0,0,0.189527426880042,33,0.1375
ds002236_sub-0084,ds002236,sub-84,sub-84_task-VisRhyme_run-02_bold,0,0.0,0,0.18129172018875,35,0.145833333333333
ds002236_sub-0090,ds002236,sub-90,sub-90_task-VisRhyme_run-01_bold,0,0.0,0,0.135379798998333,11,0.0458333333333333
ds002236_sub-0090,ds002236,sub-90,sub-90_task-VisRhyme_run-02_bold,0,0.0,0,0.114743095684083,5,0.0208333333333333
ds006239_sub-1002,ds006239,sub-1002,sub-1002_ses-1_task-ReadPhon_acq-D2S0401_run-1_bold,0,0.0,0,0.0839784742643077,0,0.0
ds006239_sub-1002,ds006239,sub-1002,sub-1002_ses-1_task-ReadPhon_acq-D2S0701_run-2_bold,0,0.0,0,0.0956046560090872,1,0.0051282051282051
ds006239_sub-1076,ds006239,sub-1076,sub-1076_ses-1_task-ReadPhon_acq-D2S0301_run-1_bold,4,0.0205128205128205,0,0.293601510649744,24,0.123076923076923
ds006239_sub-1076,ds006239,sub-1076,sub-1076_ses-1_task-ReadPhon_acq-D2S0401_run-2_bold,11,0.0564102564102564,0,0.381262025620513,34,0.174358974358974
ds006239_sub-1079,ds006239,sub-1079,sub-1079_ses-1_task-ReadPhon_acq-D2S0201_run-1_bold,8,0.041025641025641,0,0.445543162033497,74,0.379487179487179
ds006239_sub-1079,ds006239,sub-1079,sub-1079_ses-1_task-ReadPhon_acq-D2S0301_run-2_bold,11,0.0564102564102564,0,0.614035847226564,125,0.641025641025641
ds006239_sub-1080,ds006239,sub-1080,sub-1080_ses-1_task-ReadPhon_acq-D2S0201_run-1_bold,0,0.0,0,0.18235470217559,20,0.102564102564103
ds006239_sub-1080,ds006239,sub-1080,sub-1080_ses-1_task-ReadPhon_acq-D2S0301_run-2_bold,0,0.0,0,0.147197776130359,7,0.0358974358974359
ds006239_sub-1081,ds006239,sub-1081,sub-1081_ses-1_task-ReadPhon_acq-D2S0201_run-1_bold,0,0.0,0,0.131191117099487,2,0.0102564102564103
ds006239_sub-1081,ds006239,sub-1081,sub-1081_ses-1_task-ReadPhon_acq-D2S0301_run-2_bold,0,0.0,0,0.120495789569026,0,0.0
ds006239_sub-1082,ds006239,sub-1082,sub-1082_ses-1_task-ReadPhon_acq-D2S0201_run-1_bold,2,0.0102564102564103,0,0.170855488755897,18,0.0923076923076923
ds006239_sub-1082,ds006239,sub-1082,sub-1082_ses-1_task-ReadPhon_acq-D2S0301_run-2_bold,10,0.0512820512820513,0,0.377115456351282,48,0.246153846153846
ds006239_sub-1086,ds006239,sub-1086,sub-1086_ses-1_task-ReadPhon_acq-D2S0201_run-1_bold,0,0.0,0,0.192169827647795,19,0.0974358974358974
ds006239_sub-1086,ds006239,sub-1086,sub-1086_ses-1_task-ReadPhon_acq-D2S0301_run-2_bold,0,0.0,0,0.183662928845467,27,0.138461538461538
ds006239_sub-1089,ds006239,sub-1089,sub-1089_ses-1_task-ReadPhon_acq-D2S0301_run-1_bold,0,0.0,0,0.102999030585938,2,0.0102564102564103
ds006239_sub-1089,ds006239,sub-1089,sub-1089_ses-1_task-ReadPhon_acq-D2S0401_run-2_bold,0,0.0,0,0.100875461961631,0,0.0
ds006239_sub-1090,ds006239,sub-1090,sub-1090_ses-1_task-ReadPhon_acq-D2S0201_run-1_bold,2,0.0102564102564103,0,0.281776429418974,49,0.251282051282051
ds006239_sub-1090,ds006239,sub-1090,sub-1090_ses-1_task-ReadPhon_acq-D2S0301_run-2_bold,12,0.0615384615384615,0,0.484971230573846,107,0.548717948717949
ds006239_sub-1101,ds006239,sub-1101,sub-1101_ses-1_task-ReadPhon_acq-D2S0201_run-1_bold,0,0.0,0,0.103018031737436,1,0.0051282051282051
ds006239_sub-1101,ds006239,sub-1101,sub-1101_ses-1_task-ReadPhon_acq-D2S0301_run-2_bold,0,0.0,0,0.0991851947459487,0,0.0
ds006239_sub-1102,ds006239,sub-1102,sub-1102_ses-1_task-ReadPhon_acq-D2S0201_run-1_bold,0,0.0,0,0.154872550589538,7,0.0358974358974359
ds006239_sub-1102,ds006239,sub-1102,sub-1102_ses-1_task-ReadPhon_acq-D2S0301_run-2_bold,0,0.0,0,0.116215456653482,1,0.0051282051282051
ds006239_sub-1103,ds006239,sub-1103,sub-1103_ses-1_task-ReadPhon_acq-D2S0201_run-1_bold,0,0.0,0,0.123233959814103,2,0.0102564102564103
ds006239_sub-1103,ds006239,sub-1103,sub-1103_ses-1_task-ReadPhon_acq-D2S0301_run-2_bold,0,0.0,0,0.123952519645036,3,0.0153846153846154
ds006239_sub-1105,ds006239,sub-1105,sub-1105_ses-1_task-ReadPhon_acq-D2S0201_run-1_bold,0,0.0,0,0.238394348679303,42,0.215384615384615
ds006239_sub-1105,ds006239,sub-1105,sub-1105_ses-1_task-ReadPhon_acq-D2S0301_run-2_bold,0,0.0,0,0.25195542837101,52,0.266666666666667
ds006239_sub-1107,ds006239,sub-1107,sub-1107_ses-1_task-ReadPhon_acq-D2S0201_run-1_bold,0,0.0,0,0.116788681393385,5,0.0256410256410256
ds006239_sub-1107,ds006239,sub-1107,sub-1107_ses-1_task-ReadPhon_acq-D2S0301_run-2_bold,0,0.0,0,0.0952119889527487,1,0.0051282051282051
ds006239_sub-1110,ds006239,sub-1110,sub-1110_ses-1_task-ReadPhon_acq-D2S0201_run-1_bold,0,0.0,0,0.126700647935231,9,0.0461538461538462
ds006239_sub-1110,ds006239,sub-1110,sub-1110_ses-1_task-ReadPhon_acq-D2S0301_run-2_bold,0,0.0,0,0.156209070973923,14,0.0717948717948718
ds006239_sub-1111,ds006239,sub-1111,sub-1111_ses-1_task-ReadPhon_acq-D2S0201_run-1_bold,2,0.0102564102564103,0,0.22411289353559,26,0.133333333333333
ds006239_sub-1111,ds006239,sub-1111,sub-1111_ses-1_task-ReadPhon_acq-D2S0301_run-2_bold,1,0.0051282051282051,0,0.27389967665559,47,0.241025641025641
ds006239_sub-1116,ds006239,sub-1116,sub-1116_ses-1_task-ReadPhon_acq-D2S0201_run-1_bold,0,0.0,0,0.142842944392154,3,0.0153846153846154
ds006239_sub-1116,ds006239,sub-1116,sub-1116_ses-1_task-ReadPhon_acq-D2S0301_run-2_bold,0,0.0,0,0.148383053807692,4,0.0205128205128205
ds006239_sub-1117,ds006239,sub-1117,sub-1117_ses-1_task-ReadPhon_acq-D2S0201_run-1_bold,0,0.0,0,0.259305351236821,52,0.266666666666667
ds006239_sub-1117,ds006239,sub-1117,sub-1117_ses-1_task-ReadPhon_acq-D2S0301_run-2_bold,0,0.0,0,0.193576461210769,26,0.133333333333333
ds006239_sub-1119,ds006239,sub-1119,sub-1119_ses-1_task-ReadPhon_acq-D2S0301_run-1_bold,20,0.102564102564103,0,0.638807445645641,109,0.558974358974359
ds006239_sub-1119,ds006239,sub-1119,sub-1119_ses-1_task-ReadPhon_acq-D2S0401_run-2_bold,0,0.0,0,0.305727765926667,65,0.333333333333333
ds006239_sub-1122,ds006239,sub-1122,sub-1122_ses-1_task-ReadPhon_acq-D2S0201_run-1_bold,25,0.128205128205128,1,0.919289332250769,141,0.723076923076923
ds006239_sub-1122,ds006239,sub-1122,sub-1122_ses-1_task-ReadPhon_acq-D2S0301_run-2_bold,10,0.0512820512820513,0,0.613468390318564,131,0.671794871794872
ds006239_sub-1122,ds006239,sub-1122,sub-1122_ses-1_task-ReadPhon_acq-D3S0201_run-1_bold,0,0.0,0,0.279630344741026,64,0.328205128205128
ds006239_sub-1129,ds006239,sub-1129,sub-1129_ses-1_task-ReadPhon_acq-D2S0201_run-1_bold,4,0.0205128205128205,0,0.210107293580323,10,0.0512820512820513
ds006239_sub-1129,ds006239,sub-1129,sub-1129_ses-1_task-ReadPhon_acq-D2S0301_run-2_bold,2,0.0102564102564103,0,0.230195947064615,28,0.143589743589744
ds006239_sub-1130,ds006239,sub-1130,sub-1130_ses-1_task-ReadPhon_acq-D2S0201_run-1_bold,0,0.0,0,0.26974493292959,60,0.307692307692308
ds006239_sub-1130,ds006239,sub-1130,sub-1130_ses-1_task-ReadPhon_acq-D2S0301_run-2_bold,8,0.041025641025641,0,0.523156401034861,109,0.558974358974359
ds006239_sub-1148,ds006239,sub-1148,sub-1148_ses-1_task-ReadPhon_acq-D2S0201_run-1_bold,0,0.0,0,0.156144132528205,16,0.0820512820512821
ds006239_sub-1148,ds006239,sub-1148,sub-1148_ses-1_task-ReadPhon_acq-D2S0301_run-2_bold,18,0.0923076923076923,0,0.516057016358461,35,0.179487179487179
ds006239_sub-1156,ds006239,sub-1156,sub-1156_ses-1_task-ReadPhon_acq-D2S0301_run-1_bold,5,0.0256410256410256,0,0.385773175943436,63,0.323076923076923
ds006239_sub-1156,ds006239,sub-1156,sub-1156_ses-1_task-ReadPhon_acq-D2S0401_run-2_bold,9,0.0461538461538462,0,0.440645298496256,63,0.323076923076923
ds006239_sub-1160,ds006239,sub-1160,sub-1160_ses-1_task-ReadPhon_acq-D2S0201_run-1_bold,0,0.0,0,0.193300757275436,23,0.117948717948718
ds006239_sub-1160,ds006239,sub-1160,sub-1160_ses-1_task-ReadPhon_acq-D2S0301_run-2_bold,0,0.0,0,0.156846610935897,5,0.0256410256410256
ds006239_sub-1161,ds006239,sub-1161,sub-1161_ses-1_task-ReadPhon_acq-D2S0201_run-1_bold,0,0.0,0,0.146959576342051,5,0.0256410256410256
ds006239_sub-1161,ds006239,sub-1161,sub-1161_ses-1_task-ReadPhon_acq-D2S0301_run-2_bold,0,0.0,0,0.159001290756154,9,0.0461538461538462
ds006239_sub-1169,ds006239,sub-1169,sub-1169_ses-1_task-ReadPhon_acq-D2S0301_run-1_bold,8,0.041025641025641,0,0.422884817855846,68,0.348717948717949
ds006239_sub-1169,ds006239,sub-1169,sub-1169_ses-1_task-ReadPhon_acq-D2S0401_run-2_bold,13,0.0666666666666667,0,0.554815029871282,81,0.415384615384615
ds006239_sub-1178,ds006239,sub-1178,sub-1178_ses-1_task-ReadPhon_acq-D2S0201_run-1_bold,0,0.0,0,0.13280936954759,7,0.0358974358974359
ds006239_sub-1178,ds006239,sub-1178,sub-1178_ses-1_task-ReadPhon_acq-D2S0301_run-2_bold,0,0.0,0,0.125189427874359,3,0.0153846153846154
ds006239_sub-1180,ds006239,sub-1180,sub-1180_ses-1_task-ReadPhon_acq-D2S0301_run-1_bold,0,0.0,0,0.195117224448718,29,0.148717948717949
ds006239_sub-1180,ds006239,sub-1180,sub-1180_ses-1_task-ReadPhon_acq-D2S0401_run-2_bold,0,0.0,0,0.170403189203292,13,0.0666666666666667
ds006239_sub-1181,ds006239,sub-1181,sub-1181_ses-1_task-ReadPhon_acq-D2S0201_run-1_bold,0,0.0,0,0.22714585216841,39,0.2
ds006239_sub-1181,ds006239,sub-1181,sub-1181_ses-1_task-ReadPhon_acq-D2S0301_run-2_bold,0,0.0,0,0.208559948723077,29,0.148717948717949
ds006239_sub-1181,ds006239,sub-1181,sub-1181_ses-1_task-ReadPhon_acq-D2S1001_run-2_bold,18,0.0923076923076923,0,0.681301034681026,115,0.58974358974359
ds006239_sub-1187,ds006239,sub-1187,sub-1187_ses-1_task-ReadPhon_acq-D2S0201_run-1_bold,0,0.0,0,0.173172352149231,14,0.0717948717948718
ds006239_sub-1187,ds006239,sub-1187,sub-1187_ses-1_task-ReadPhon_acq-D2S0301_run-2_bold,0,0.0,0,0.164828892179487,6,0.0307692307692308
ds006239_sub-1190,ds006239,sub-1190,sub-1190_ses-1_task-ReadPhon_acq-D2S0201_run-1_bold,0,0.0,0,0.130422741360055,5,0.0256410256410256
ds006239_sub-1190,ds006239,sub-1190,sub-1190_ses-1_task-ReadPhon_acq-D2S0301_run-2_bold,0,0.0,0,0.135962356667897,6,0.0307692307692308
ds006239_sub-1191,ds006239,sub-1191,sub-1191_ses-1_task-ReadPhon_acq-D2S0201_run-1_bold,2,0.0102564102564103,0,0.123715701385036,3,0.0153846153846154
ds006239_sub-1191,ds006239,sub-1191,sub-1191_ses-1_task-ReadPhon_acq-D2S0301_run-2_bold,0,0.0,0,0.097793219406359,3,0.0153846153846154
ds006239_sub-1192,ds006239,sub-1192,sub-1192_ses-1_task-ReadPhon_acq-D2S0201_run-1_bold,0,0.0,0,0.133288213153333,3,0.0153846153846154
ds006239_sub-1192,ds006239,sub-1192,sub-1192_ses-1_task-ReadPhon_acq-D2S0301_run-2_bold,0,0.0,0,0.155527308799487,6,0.0307692307692308
ds006239_sub-1193,ds006239,sub-1193,sub-1193_ses-1_task-ReadPhon_acq-D2S0301_run-1_bold,4,0.0205128205128205,0,0.245110794770513,21,0.107692307692308
ds006239_sub-1193,ds006239,sub-1193,sub-1193_ses-1_task-ReadPhon_acq-D2S0401_run-2_bold,10,0.0512820512820513,0,0.372771814180205,27,0.138461538461538
ds006239_sub-1194,ds006239,sub-1194,sub-1194_ses-1_task-ReadPhon_acq-D2S0201_run-1_bold,0,0.0,0,0.189163168158974,20,0.102564102564103
ds006239_sub-1194,ds006239,sub-1194,sub-1194_ses-1_task-ReadPhon_acq-D2S0301_run-2_bold,0,0.0,0,0.17133735480359,14,0.0717948717948718
ds006239_sub-1195,ds006239,sub-1195,sub-1195_ses-1_task-ReadPhon_acq-D2S0201_run-1_bold,4,0.0205128205128205,0,0.394782702377436,58,0.297435897435897
ds006239_sub-1195,ds006239,sub-1195,sub-1195_ses-1_task-ReadPhon_acq-D2S0301_run-2_bold,0,0.0,0,0.269860595283436,45,0.230769230769231
ds006239_sub-1196,ds006239,sub-1196,sub-1196_ses-1_task-ReadPhon_acq-D2S0201_run-1_bold,0,0.0,0,0.114070154991949,1,0.0051282051282051
ds006239_sub-1196,ds006239,sub-1196,sub-1196_ses-1_task-ReadPhon_acq-D2S0301_run-2_bold,0,0.0,0,0.102520711821067,0,0.0
ds006239_sub-1197,ds006239,sub-1197,sub-1197_ses-1_task-ReadPhon_acq-D2S0201_run-1_bold,0,0.0,0,0.163028247746821,20,0.102564102564103
ds006239_sub-1197,ds006239,sub-1197,sub-1197_ses-1_task-ReadPhon_acq-D2S0301_run-2_bold,0,0.0,0,0.175062092954897,18,0.0923076923076923
ds006239_sub-1197,ds006239,sub-1197,sub-1197_ses-1_task-ReadPhon_acq-D2S0601_run-1_bold,0,0.0,0,0.330091688773077,78,0.4
ds006239_sub-1197,ds006239,sub-1197,sub-1197_ses-1_task-ReadPhon_acq-D2S0901_run-2_bold,8,0.041025641025641,0,0.468152682873026,98,0.502564102564103
ds006239_sub-1198,ds006239,sub-1198,sub-1198_ses-1_task-ReadPhon_acq-D2S0201_run-1_bold,0,0.0,0,0.235789290858667,34,0.174358974358974
ds006239_sub-1198,ds006239,sub-1198,sub-1198_ses-1_task-ReadPhon_acq-D2S0301_run-2_bold,2,0.0102564102564103,0,0.327065599335897,57,0.292307692307692
ds006239_sub-1199,ds006239,sub-1199,sub-1199_ses-1_task-ReadPhon_acq-D2S0201_run-1_bold,0,0.0,0,0.14596390858159,14,0.0717948717948718
ds006239_sub-1199,ds006239,sub-1199,sub-1199_ses-1_task-ReadPhon_acq-D2S0301_run-2_bold,2,0.0102564102564103,0,0.247303361771487,34,0.174358974358974
ds006239_sub-1204,ds006239,sub-1204,sub-1204_ses-1_task-ReadPhon_acq-D2S0201_run-1_bold,0,0.0,0,0.252189032704513,47,0.241025641025641
ds006239_sub-1204,ds006239,sub-1204,sub-1204_ses-1_task-ReadPhon_acq-D2S0301_run-2_bold,0,0.0,0,0.229913334188308,43,0.220512820512821
ds006239_sub-1204,ds006239,sub-1204,sub-1204_ses-1_task-ReadPhon_acq-D2S0801_run-1_bold,0,0.0,0,0.222614250271333,42,0.215384615384615
ds006239_sub-1205,ds006239,sub-1205,sub-1205_ses-1_task-ReadPhon_acq-D2S0201_run-1_bold,0,0.0,0,0.0951046989507179,0,0.0
ds006239_sub-1205,ds006239,sub-1205,sub-1205_ses-1_task-ReadPhon_acq-D2S0301_run-2_bold,0,0.0,0,0.109208038223692,4,0.0205128205128205
ds006239_sub-1206,ds006239,sub-1206,sub-1206_ses-1_task-ReadPhon_acq-D2S0201_run-1_bold,0,0.0,0,0.195424772345949,32,0.164102564102564
ds006239_sub-1206,ds006239,sub-1206,sub-1206_ses-1_task-ReadPhon_acq-D2S0301_run-2_bold,0,0.0,0,0.17806621746041,22,0.112820512820513
ds006239_sub-1208,ds006239,sub-1208,sub-1208_ses-1_task-ReadPhon_acq-D2S0201_run-1_bold,0,0.0,0,0.139211517637949,8,0.041025641025641
ds006239_sub-1208,ds006239,sub-1208,sub-1208_ses-1_task-ReadPhon_acq-D2S0301_run-2_bold,0,0.0,0,0.168579769738821,16,0.0820512820512821
ds006239_sub-1209,ds006239,sub-1209,sub-1209_ses-1_task-ReadPhon_acq-D2S0201_run-1_bold,0,0.0,0,0.159275209549128,4,0.0205128205128205
ds006239_sub-1209,ds006239,sub-1209,sub-1209_ses-1_task-ReadPhon_acq-D2S0301_run-2_bold,0,0.0,0,0.150242581303559,0,0.0
ds006239_sub-1210,ds006239,sub-1210,sub-1210_ses-1_task-ReadPhon_acq-D1S0401_run-1_bold,0,0.0,0,0.114011657548667,0,0.0
ds006239_sub-1210,ds006239,sub-1210,sub-1210_ses-1_task-ReadPhon_acq-D1S0501_run-2_bold,0,0.0,0,0.127030382510923,3,0.0153846153846154
ds006239_sub-1211,ds006239,sub-1211,sub-1211_ses-1_task-ReadPhon_acq-D2S0201_run-1_bold,0,0.0,0,0.191341501689487,21,0.107692307692308
ds006239_sub-1211,ds006239,sub-1211,sub-1211_ses-1_task-ReadPhon_acq-D2S0301_run-2_bold,0,0.0,0,0.198560878968779,28,0.143589743589744
ds006239_sub-1213,ds006239,sub-1213,sub-1213_ses-1_task-ReadPhon_acq-D2S0201_run-1_bold,0,0.0,0,0.16015949572441,22,0.112820512820513
ds006239_sub-1213,ds006239,sub-1213,sub-1213_ses-1_task-ReadPhon_acq-D2S0301_run-2_bold,0,0.0,0,0.154474840090256,15,0.0769230769230769
ds006239_sub-1219,ds006239,sub-1219,sub-1219_ses-1_task-ReadPhon_acq-D1S0601_run-1_bold,0,0.0,0,0.100442425087641,0,0.0
ds006239_sub-1219,ds006239,sub-1219,sub-1219_ses-1_task-ReadPhon_acq-D1S0901_run-2_bold,0,0.0,0,0.175412740558564,15,0.0769230769230769
ds006239_sub-1219,ds006239,sub-1219,sub-1219_ses-1_task-ReadPhon_acq-D2S0301_run-1_bold,0,0.0,0,0.154222953215795,18,0.0923076923076923
ds006239_sub-1219,ds006239,sub-1219,sub-1219_ses-1_task-ReadPhon_acq-D2S0401_run-2_bold,0,0.0,0,0.0930542530067179,0,0.0
ds006239_sub-1220,ds006239,sub-1220,sub-1220_ses-1_task-ReadPhon_acq-D2S0201_run-1_bold,0,0.0,0,0.106293416115292,3,0.0153846153846154
ds006239_sub-1220,ds006239,sub-1220,sub-1220_ses-1_task-ReadPhon_acq-D2S0301_run-2_bold,0,0.0,0,0.0976225703852308,1,0.0051282051282051
ds006239_sub-1223,ds006239,sub-1223,sub-1223_ses-1_task-ReadPhon_acq-D2S0301_run-1_bold,1,0.0051282051282051,0,0.216067632385662,27,0.138461538461538
ds006239_sub-1223,ds006239,sub-1223,sub-1223_ses-1_task-ReadPhon_acq-D2S0401_run-2_bold,2,0.0102564102564103,0,0.265279032127949,41,0.21025641025641
ds006239_sub-1225,ds006239,sub-1225,sub-1225_ses-1_task-ReadPhon_acq-D2S0201_run-1_bold,0,0.0,0,0.188845499317333,23,0.117948717948718
ds006239_sub-1225,ds006239,sub-1225,sub-1225_ses-1_task-ReadPhon_acq-D2S0301_run-2_bold,0,0.0,0,0.152823883219487,6,0.0307692307692308
ds006239_sub-1246,ds006239,sub-1246,sub-1246_ses-1_task-ReadPhon_acq-D2S0201_run-1_bold,0,0.0,0,0.184534781478103,20,0.102564102564103
ds006239_sub-1246,ds006239,sub-1246,sub-1246_ses-1_task-ReadPhon_acq-D2S0301_run-2_bold,0,0.0,0,0.169276991059333,17,0.0871794871794872
ds006239_sub-1247,ds006239,sub-1247,sub-1247_ses-1_task-ReadPhon_acq-D2S0201_run-1_bold,5,0.0256410256410256,0,0.325182617963005,55,0.282051282051282
ds006239_sub-1247,ds006239,sub-1247,sub-1247_ses-1_task-ReadPhon_acq-D2S0301_run-2_bold,4,0.0205128205128205,0,0.323218975339179,47,0.241025641025641
ds006239_sub-1248,ds006239,sub-1248,sub-1248_ses-1_task-ReadPhon_acq-D2S0201_run-1_bold,0,0.0,0,0.128606589604308,9,0.0461538461538462
ds006239_sub-1248,ds006239,sub-1248,sub-1248_ses-1_task-ReadPhon_acq-D2S0301_run-2_bold,0,0.0,0,0.117995589649728,10,0.0512820512820513
ds006239_sub-1250,ds006239,sub-1250,sub-1250_ses-1_task-ReadPhon_acq-D2S0201_run-1_bold,0,0.0,0,0.147064721169744,3,0.0153846153846154
ds006239_sub-1250,ds006239,sub-1250,sub-1250_ses-1_task-ReadPhon_acq-D2S0301_run-2_bold,0,0.0,0,0.185611383470128,14,0.0717948717948718
ds006239_sub-1252,ds006239,sub-1252,sub-1252_ses-1_task-ReadPhon_acq-D2S0201_run-1_bold,0,0.0,0,0.101425643285641,3,0.0153846153846154
ds006239_sub-1252,ds006239,sub-1252,sub-1252_ses-1_task-ReadPhon_acq-D2S0301_run-2_bold,2,0.0102564102564103,0,0.174990730448523,14,0.0717948717948718
ds006239_sub-1255,ds006239,sub-1255,sub-1255_ses-1_task-ReadPhon_acq-D2S0601_run-1_bold,6,0.0307692307692308,0,0.305342775745338,36,0.184615384615385
ds006239_sub-1255,ds006239,sub-1255,sub-1255_ses-1_task-ReadPhon_acq-D2S1101_run-2_bold,12,0.0615384615384615,0,0.494604783200308,83,0.425641025641026
ds006239_sub-1255,ds006239,sub-1255,sub-1255_ses-1_task-ReadPhon_acq-D3S0401_run-1_bold,7,0.0358974358974359,0,0.428801180810544,67,0.343589743589744
ds006239_sub-1277,ds006239,sub-1277,sub-1277_ses-1_task-ReadPhon_acq-D2S0201_run-1_bold,0,0.0,0,0.145424275513487,7,0.0358974358974359
ds006239_sub-1277,ds006239,sub-1277,sub-1277_ses-1_task-ReadPhon_acq-D2S0301_run-2_bold,0,0.0,0,0.156327921875482,7,0.0358974358974359
ds006239_sub-1278,ds006239,sub-1278,sub-1278_ses-1_task-ReadPhon_acq-D2S0201_run-1_bold,0,0.0,0,0.258737902564769,58,0.297435897435897
ds006239_sub-1278,ds006239,sub-1278,sub-1278_ses-1_task-ReadPhon_acq-D2S0301_run-2_bold,4,0.0205128205128205,0,0.373413730100205,74,0.379487179487179
ds006239_sub-1283,ds006239,sub-1283,sub-1283_ses-1_task-ReadPhon_acq-D2S0201_run-1_bold,0,0.0,0,0.175388359285128,7,0.0358974358974359
ds006239_sub-1283,ds006239,sub-1283,sub-1283_ses-1_task-ReadPhon_acq-D2S0301_run-2_bold,0,0.0,0,0.138909285634615,0,0.0
ds006239_sub-1284,ds006239,sub-1284,sub-1284_ses-1_task-ReadPhon_acq-D2S0201_run-1_bold,10,0.0512820512820513,0,0.62585630346,135,0.692307692307692
ds006239_sub-1284,ds006239,sub-1284,sub-1284_ses-1_task-ReadPhon_acq-D2S0301_run-2_bold,20,0.102564102564103,1,0.701810052482051,124,0.635897435897436
ds006239_sub-1288,ds006239,sub-1288,sub-1288_ses-1_task-ReadPhon_acq-D2S0201_run-1_bold,0,0.0,0,0.123527883144615,2,0.0102564102564103
ds006239_sub-1288,ds006239,sub-1288,sub-1288_ses-1_task-ReadPhon_acq-D2S0301_run-2_bold,0,0.0,0,0.113147174140718,1,0.0051282051282051
ds006239_sub-1289,ds006239,sub-1289,sub-1289_ses-1_task-ReadPhon_acq-D2S0201_run-1_bold,0,0.0,0,0.286423618047795,61,0.312820512820513
ds006239_sub-1289,ds006239,sub-1289,sub-1289_ses-1_task-ReadPhon_acq-D2S0301_run-2_bold,0,0.0,0,0.32839285074559,76,0.38974358974359
ds006239_sub-1291,ds006239,sub-1291,sub-1291_ses-1_task-ReadPhon_acq-D2S0201_run-1_bold,2,0.0102564102564103,0,0.276325558774913,45,0.230769230769231
ds006239_sub-1291,ds006239,sub-1291,sub-1291_ses-1_task-ReadPhon_acq-D2S0301_run-2_bold,0,0.0,0,0.162593732914256,13,0.0666666666666667
